Qualification_level,Awarding_institution,"Qualification Name",Qualification_Code,Date_Awarded,Where_Qualification_is_approved,Awarding_Institution_Country,Important_Information
"Certificate III","ACCESS Distance Learning and Tutorial College","Certificate Early Childhood Development - Reception Year",,"Any date before 1 January 2012",Queensland,"South Africa","This qualification was previously assessed by the Queensland Government as being the equivalent to a Certificate III qualification. Individuals seeking to work outside Queensland (or graduated after 1 January 2012) may still be eligible for recognition as a qualified educator if they apply to ACECQA for an assessment of equivalence."
ECT,"Acknowledge Education Pty Ltd","Graduate Diploma of Early Childhood Education",,"Any date if enrolled prior to November 2029",National,Australia,"ACECQA assessed and approved this qualification on 9 October 2024."
ECT,"Adelaide Kindergarten Teachers' College","Diploma in Teaching (Infant)",,"Any date if enrolled prior to 1 January 2012",National,Australia,
ECT,"Adelaide Kindergarten Teachers' College","Diploma of Teaching (Early Childhood Education)",,"Any date if enrolled prior to 1 January 2012",National,Australia,
ECT,"Adelaide Kindergarten Teachers' College","Diploma of the Adelaide Kindergarten Teachers' College",,"Any date if enrolled prior to 1 January 2012",National,Australia,
ECT,"Adelaide University","Bachelor of Teaching (Early Childhood Education)",BTECE,"Any date if enrolled prior to November 2030",National,Australia,"ACECQA assessed and approved this qualification on 18 November 2025."
ECT,"Adelaide University","Master of Teaching (Early Childhood Education)",MATEC,"Any date if enrolled prior to March 2031",National,Australia,"ACECQA assessed and approved this qualification on 20 March 2026."
Diploma,"Akikusa Gakuen Junior College","Certificate of Day Care Teacher (1996)",,"Any date before 1 January 2012",Queensland,Japan,"This qualification was previously assessed by the Queensland Government as being the equivalent to a Diploma qualification. Individuals seeking to work outside Queensland (or graduated after 1 January 2012) may still be eligible for recognition as a qualified educator if they apply to ACECQA for an assessment of equivalence."
Diploma,"Algemene Hogeschool Amsterdam","Diploma Meddelbaar Beroepsonderwijs - Kultureel Werk and Certificaat Deeltijd Middelbare Beroepsopleiding",,"Any date before 1 January 2012",Queensland,Netherlands,"This qualification was previously assessed by the Queensland Government as being the equivalent to a Diploma qualification. Individuals seeking to work outside Queensland (or graduated after 1 January 2012) may still be eligible for recognition as a qualified educator if they apply to ACECQA for an assessment of equivalence."
Diploma,"Alice Springs (Centralian) Institute of TAFE","Associate Diploma of Education (Child Care Studies)",,"Any date before 1 January 2012",National,Australia,"Alice Springs (Centralian) Institute of Technical and Further Education was formerly known by a different name: Alice Springs Community College"
Diploma,"Alice Springs (Centralian) Institute of TAFE","Certificate in Child Care Studies",,"Any date before 1 January 2017",National,Australia,"Alice Springs (Centralian) Institute of Technical and Further Education was formerly known by a different name: Alice Springs Community College"
Diploma,"Alice Springs (Centralian) Institute of TAFE","Diploma of Education (Child Care)",,"Any date before 1 January 2017",National,Australia,"Alice Springs (Centralian) Institute of Technical and Further Education was formerly known by a different name: Alice Springs Community College"
"Certificate III","All Women's Educational Training Society","Certificate in Pre-Primary Teacher Education (Nursery Teachers' Training)",,"Any date before 1 January 2012",Queensland,India,"This qualification was previously assessed by the Queensland Government as being the equivalent to a Certificate III qualification. Individuals seeking to work outside Queensland (or graduated after 1 January 2012) may still be eligible for recognition as a qualified educator if they apply to ACECQA for an assessment of equivalence."
Diploma,"Alphacrucis University College","Associate Degree in Education Studies (Early Childhood)",ADE,"Any date if enrolled prior to February 2028",National,Australia,"ACECQA assessed and approved this qualification on 31 January 2023.Alphacrucis University College is also known as Alphacrucis College."
ECT,"Alphacrucis University College","Bachelor of Education (Early Childhood and Primary)",BEC,"Any date if enrolled prior to December 2027",National,Australia,"ACECQA assessed and approved this qualification on 21 November 2022.Alphacrucis University College is also known as Alphacrucis College."
ECT,"Alphacrucis University College","Graduate Diploma of Early Childhood Education",GEC,"Any date if enrolled prior to January 2030",National,Australia,"ACECQA assessed and approved this qualification on 19 December 2024.Alphacrucis University College is also known as Alphacrucis College."
ECT,"Alphacrucis University College","Bachelor of Early Childhood Education (Birth to 5)",BEE,"Any date if enrolled prior to November 2030",National,Australia,"ACECQA assessed and approved this qualification on 3 November 2025.Alphacrucis University College is also known as Alphacrucis College."
"Certificate III","Anne Frank School, Vocational School for Social and Public Health","Final Completion Certificate with professional title of 'State verified child minder and nurse'",,"Any date before 1 January 2012",Queensland,Germany,"This qualification was previously assessed by the Queensland Government as being the equivalent to a Certificate III qualification. Individuals seeking to work outside Queensland (or graduated after 1 January 2012) may still be eligible for recognition as a qualified educator if they apply to ACECQA for an assessment of equivalence."
Diploma,"Any Australian registered training organisation or accredited higher education provider","Diploma of Community Services (Child Care)",,"Any date before 1 January 2017",National,Australia,"Also known as 'Diploma in Community Services (Child Care)'. "
Diploma,"Any Australian registered training organisation or accredited higher education provider","Associate Diploma of Education (Child Care)",CND35,"Any date before 1 January 2012",National,Australia,
Diploma,"Any Australian registered training organisation or accredited higher education provider","Associate Diploma of Social Science (Child Care)",,"Any date before 1 January 2012",National,Australia,"Also known as 'Associate Diploma in Social Science (Child Care)', 'Associate Diploma Social Science Child Care' and 'Associate Diploma in Social Science in Child Care'. "
Diploma,"Any Australian registered training organisation or accredited higher education provider","Diploma of Child Care and Education",,"Any date before 1 January 2017",National,Australia,"Also known as 'Diploma in Child Care and Education'. "
Diploma,"Any Australian registered training organisation or accredited higher education provider","Diploma of Children's Services","CHC50302, 10556ACT","Any date before 1 January 2017",National,Australia,"Known codes for this qualification, but not limited to, include CHC50302 and 10556ACT. Also known as 'Diploma in Children's Services (Centre-based Care)', 'Diploma of Children's Services (0 - 5 Years)'."
Diploma,"Any Australian registered training organisation or accredited higher education provider","Diploma of Children's Services (Early Childhood Education and Care)",CHC50908,"Any date before 1 January 2017",National,Australia,"Known codes for this qualification, but not limited to, include CHC50908."
Diploma,"Any Australian registered training organisation or accredited higher education provider","Advanced Certificate in Child Care",,"Any date before 1 January 2012",National,Australia,
Diploma,"Any Australian registered training organisation or accredited higher education provider","Advanced Certificate in Child Care (Stream 3300)",,"Any date before 1 January 2012",National,Australia,
Diploma,"Any Australian registered training organisation or accredited higher education provider","Advanced Certificate in Child Care Studies",,"Any date before 1 January 2012",National,Australia,
Diploma,"Any Australian registered training organisation or accredited higher education provider","Advanced Diploma of Children's Services","CHC60208, CHC60202","Any date before 1 January 2017",National,Australia,
Diploma,"Any Australian registered training organisation or accredited higher education provider","Advanced Diploma of Community Services (Children's Services)",,"Any date before 1 January 2012",National,Australia,"Known codes for this qualification, but not limited to, include CHC60399"
Diploma,"Any Australian registered training organisation or accredited higher education provider","Advanced Diploma of Community Services (Children's Services)(Centre Based Pathway)",,"Any date before 1 January 2012",National,Australia,
Diploma,"Any Australian registered training organisation or accredited higher education provider","Associate Diploma of Social Science (Child Care Services)",,"Any date before 1 January 2012",National,Australia,
Diploma,"Any Australian registered training organisation or accredited higher education provider","Associate Diploma of Social Science (Child Care Studies)",,"Any date before 1 January 2012",National,Australia,"Also known as 'Associate Diploma in Social Science (Child Care Studies)'"
Diploma,"Any Australian registered training organisation or accredited higher education provider","Associate Diploma of Social Science (Child Studies)",,"Any date before 1 January 2012",National,Australia,"Also known as 'Associate Diploma in Social Science (Child Studies)'"
"First Aid, Asthma and Anaphylaxis","Any Australian registered training organisation or accredited higher education provider","Apply advanced first aid","HLTFA402B / HLTFA402C / HLTFA412A","Any date before 30 June 2013",National,Australia,"This course is no longer current. HLTFA412A was superseded by HLTAID006 on June 2013."
"First Aid only","Any Australian registered training organisation or accredited higher education provider","Apply first aid","HLTFA311A / HLTFA301C / HLTFA301B","Any date before 30 June 2013",National,Australia,"This course is no longer current. The unit was superseded by HLTAID003 on 30 June 2013."
"Anaphylaxis Management only","Any Australian registered training organisation or accredited higher education provider","Course in Anaphylaxis Awareness","10313NAT / 21827VIC","Any date",National,Australia,"ACECQA assessed and approved this program on 17 December 2012. This qualification only satisfies the requirements for anaphylaxis management training. As stated on www.training.gov.au, currency period ended on 31 October 2012."
"Anaphylaxis Management only","Any Australian registered training organisation or accredited higher education provider","Course in Anaphylaxis Management",30728QLD,"Any date before 13 March 2013",National,Australia,"This qualification is no longer current."
"Emergency Asthma only","Any Australian registered training organisation or accredited higher education provider","Course in Asthma Education and Management",30646QLD,"Any date before 21 December 2011",National,Australia,"This course is no longer current."
"Emergency Asthma and Anaphylaxis","Any Australian registered training organisation or accredited higher education provider","Course in Emergency Asthma and Anaphylaxis Management",80969ACT,"Any date before 25 July 2015",National,Australia,"This course is no longer current."
"Emergency Asthma only","Any Australian registered training organisation or accredited higher education provider","Course in Emergency Asthma Management","21886VIC / 10392NAT","Any date",National,Australia,"ACECQA assessed and approved this program on 23 October 2013. "
"Emergency Asthma only","Any Australian registered training organisation or accredited higher education provider","Course in Emergency Management of Asthma in the Workplace",22024VIC,"Any date before 31 December 2014",National,Australia,"This course is no longer current."
"First Aid, Asthma and Anaphylaxis","Any Australian registered training organisation or accredited higher education provider","Provide an emergency first aid response in an education and care setting",HLTAID004,"Any date",National,Australia,"HLTAID004 was superseded by HLTAID012 on 15 October 2020."
"First Aid only","Any Australian registered training organisation or accredited higher education provider","Provide first aid in remote situation","HLTFA302C / HLTFA302B / HLTFA302A","Any date before 30 June 2013",National,Australia,"This course is no longer current. The unit was superseded by HLTAID005 on 30 June 2013."
"Anaphylaxis Management only","Any Australian registered training organisation or accredited higher education provider","Vocational Graduate Certificate in Anaphylaxis Management Training",21830VIC,"Any date before 30 October 2012",National,Australia,"This qualification is no longer current."
"Certificate III","Any Australian registered training organisation or accredited higher education provider","Certificate III in Children's Services Traineeship",,"Any date before 1 January 2012",National,Australia,"Known codes for this qualification, but not limited to, include 10547."
"Certificate III","Any Australian registered training organisation or accredited higher education provider","Certificate III in Child Studies",,"Any date before 1 January 2012",National,Australia,"Includes Centre Based Care and Home Based Care specialisations. Also known as Certificate in Child Studies (Home Care) or Certificate in Child Studies Centre Based Care. Typically offered through Technical Colleges and Technical and Further Education (TAFE) Colleges."
"Certificate III","Any Australian registered training organisation or accredited higher education provider","Certificate III in Children's Services","CHC30708, CHC30712","Any date before 1 January 2017",National,Australia,"CHC30708 is superseded by CHC30712, which in turn is superseded by CHC30113"
"Certificate III","Any Australian registered training organisation or accredited higher education provider","Certificate III in Children's Services",CHC30402,"Any date before 1 January 2012",National,Australia,"CHC30402 is superseded by CHC30708"
"Certificate III","Any Australian registered training organisation or accredited higher education provider","Certificate III in Children's Services (Centre-based Care)",,"Any date before 1 January 2012",National,Australia,"Known codes for this qualification, but not limited to, include 10553ACT"
"Certificate III","Any Australian registered training organisation or accredited higher education provider","Certificate III in Children's Services (Family Day Care)",,"Any date before 1 January 2012",National,Australia,
"Certificate III","Any Australian registered training organisation or accredited higher education provider","Certificate III in Children's Services (Teacher Assistant)","7896, 6978","Any date before 1 January 2012",National,Australia,
"Certificate III","Any Australian registered training organisation or accredited higher education provider","Certificate III in Community Services Work","CHC30108, CHC30802","Any date before 1 January 2012",National,Australia,
"Certificate III","Any Australian registered training organisation or accredited higher education provider","Certificate III in Community Services (Children's Services)",,"Any date before 1 January 2012",National,Australia,
"Certificate III","Any Australian registered training organisation or accredited higher education provider","Certificate III in Early Childhood Education and Care",CHC30113,"Any date prior to 21 January 2023",National,Australia,"CHC30113 is superseded by CHC30121 Certificate III in Early Childhood Education and Care."
"Certificate III","Any Australian registered training organisation or accredited higher education provider","Certificate III in Education (Teacher Aide)",,"Any date before 1 January 2012",National,Australia,"Known codes for this qualification, but not limited to, include 69906 and 69953"
"Certificate III","Any Australian registered training organisation or accredited higher education provider","Certificate III in Education (Teacher Aide/Assistant)",69827,"Any date before 1 January 2017",National,Australia,"As stated on www.training.gov.au, currency period ended on 26 August 2012"
"Certificate III","Any Australian registered training organisation or accredited higher education provider","Certificate III in Education Support","CHC30808, CHC30812","Any date before 1 January 2017",National,Australia,"CHC30808 is superseded by CHC30812, which in turn is superseded by CHC30213"
"Certificate III","Any Australian registered training organisation or accredited higher education provider","Certificate III in Education Support",CHC30213,"Any date before 21 January 2023",National,Australia,"This qualification is most suitable for use in early childhood education and care settings that are delivered on school sites (e.g. pre-school/kindergartens).

CHC30213 is superseded by CHC30221. CHC30221 (Certificate III in School Based Education Support) has not been added to the NQF approved qualifications list. "
Diploma,"Any Australian registered training organisation or accredited higher education provider","Diploma of Children's Services (Centre-based Care)",,"Any date before 1 January 2017",National,Australia,"Also known as 'Diploma in Children's Services (Centre-based Care)'. "
"Certificate III","Any Australian registered training organisation or accredited higher education provider","Certificate III in Teacher Assistant",51196,"Any date before 1 January 2012",National,Australia,
"Certificate III","Any Australian registered training organisation or accredited higher education provider","Certificate III in Teacher Assistant",51779,"Any date before 1 January 2012",National,Australia,
"Certificate III","Any Australian registered training organisation or accredited higher education provider","Certificate III Introduction to Child Care",,"Any date before 1 January 2012",National,Australia,
Diploma,"Any Australian registered training organisation or accredited higher education provider","Certificate in Applied Social Science (Child Care Studies)",,"Any date before 1 January 2012",National,Australia,"Also known as Certificate of Applied Social Science (Child Care Studies)."
Diploma,"Any Australian registered training organisation or accredited higher education provider","Certificate in Applied Social Science (Child Care)",,"Any date before 1 January 2017",National,Australia,"Also known as 'Certificate of Applied Social Science (Child Care)'."
"Certificate III","Any Australian registered training organisation or accredited higher education provider","Certificate in Child Care",CNH44,"Any date before 1 January 2012",National,Australia,
"Certificate III","Any Australian registered training organisation or accredited higher education provider","Certificate in Child Care (Assistant)",,"Any date before 1 January 2012",National,Australia,"Also known as 'Child Care Assistants Certificate Course'."
"Certificate III","Any Australian registered training organisation or accredited higher education provider","Certificate in Child Care and Education",,"Any date before 1 January 2012",National,Australia,"Known codes include, but not limited to, CN0323, CN232. May also be known as 'Certificate III in Child Care and Education'."
"Certificate III","Any Australian registered training organisation or accredited higher education provider","Certificate in Child Care Practices",,"Any date before 1 January 2012",National,Australia,
"Certificate III","Any Australian registered training organisation or accredited higher education provider","Certificate in Early Childhood Education (Pre-school)",CNL41,"Any date before 1 January 2012",National,Australia,
"Certificate III","Any Australian registered training organisation or accredited higher education provider","Certificate in Family Day Care",,"Any date before 1 January 2012",National,Australia,
"Certificate III","Any Australian registered training organisation or accredited higher education provider","Certificate IV in Community Services (Children's Services)",,"Any date before 1 January 2012",National,Australia,
"Certificate III","Any Australian registered training organisation or accredited higher education provider","Certificate IV in Education (Teacher Aide)",,"Any date before 1 January 2012",National,Australia,"Known codes for this qualification, but not limited to, include 69923 and 69952"
"Certificate III","Any Australian registered training organisation or accredited higher education provider","Certificate IV in Education (Teacher Aide/Assistant)",69826,"Any date before 1 January 2017",National,Australia,"As stated on www.training.gov.au, currency period ended on 26 August 2012"
"Certificate III","Any Australian registered training organisation or accredited higher education provider","Certificate IV in Education Support",CHC40213,"Any date before 21 January 2023",National,Australia,"CHC40213 is superseded by CHC40221. CHC40221 (Certificate IV in School Based Education Support) has not been added to the NQF approved qualifications list."
"Certificate III","Any Australian registered training organisation or accredited higher education provider","Certificate IV in Education Support","CHC41712, CHC41708","Any date before 1 January 2017",National,Australia,"CHC41708 is superseded by CHC41712, which in turn is superseded by CHC40213"
"Certificate III","Any Australian registered training organisation or accredited higher education provider","Certificate IV in Teacher Aide Studies",CNHEA028,"Any date before 1 January 2012",National,Australia,
"Certificate III","Any Australian registered training organisation or accredited higher education provider","Certificate of Competency as a Child Welfare Assistant",,"Any date before 1 January 2012",National,Australia,
Diploma,"Any Australian registered training organisation or accredited higher education provider","Child Care Certificate Course",,"Any date",National,Australia,"Also known as 'Child Care Certificate Course No.1959'."
Diploma,"Any Australian registered training organisation or accredited higher education provider","Diploma of Childcare and Education",3909,"Any date before 1 January 2017",National,Australia,
Diploma,"Any Australian registered training organisation or accredited higher education provider","Child Care Certificate",,"Any date before 1 January 2012",National,Australia,"Also known as 'Certificate in Child Care' or 'Certificate of Child Care'."
Diploma,"Any Australian registered training organisation or accredited higher education provider","Diploma of Community Services (Children's Services)",,"Any date before 1 January 2017",National,Australia,"Known codes of this qualification, but not limited to, include CHC50399."
Diploma,"Any Australian registered training organisation or accredited higher education provider","Diploma of Early Childhood Education and Care",CHC50113,"Any date prior to 21 January 2023",National,Australia,"CHC50113 is superseded by CHC50121 Diploma of Early Childhood Education and Care."
Diploma,"Any Australian registered training organisation or accredited higher education provider","Diploma of Education Support",CHC51308,"Any date before 5 December 2017",National,Australia,
Diploma,"Any Australian registered training organisation or accredited higher education provider","Diploma of Education Support","30635QLD, 30212QLD","Any date before 1 January 2017",National,Australia,
"Certificate III","Any Australian registered training organisation or accredited higher education provider","Mothercraft/Mothercraft Nurse Certificate",,"Any date before 1 January 2012",National,Australia,
"Certificate III","Any Australian registered training organisation or accredited higher education provider","Pre-School Teachers Aide Certificate",,"Any date before 1 January 2012",National,Australia,
"First Aid only","Any Australian registered training organisation or accredited higher education provider","Provide first aid",HLTAID003,"Any date",National,Australia,"HLTAID003 was superseded by HLTAID011 on 15 October 2020."
"First Aid only","Any Australian registered training organisation or accredited higher education provider","Provide first aid in remote situations",HLTAID005,"Any date",National,Australia,"HLTAID005 was superseded by HLTAID013 on 15 October 2020."
"First Aid only","Any Australian registered training organisation or accredited higher education provider","Provide advanced first aid",HLTAID006,"Any date",National,Australia,"HLTAID006 was superseded by HLTAID014 on 15 October 2020."
"Anaphylaxis Management only","Any Australian registered training organisation or accredited higher education provider","Ensure the health and safety of children","CHCCN301C / CHCCN301B","Any date before 30 June 2013",National,Australia,"This course is no longer current. CHCCN301C was superseded by CHCECE002 on 30 June 2013."
"Emergency Asthma and Anaphylaxis","Any Australian registered training organisation or accredited higher education provider","Ensure the health and safety of children",CHCECE002,"Any date",National,Australia,"This qualification only satisfies the requirements for emergency asthma and anaphylaxis management training. CHCECE002 supersedes CHCCN301C"
"Certificate III","Any Australian registered training organisation or accredited higher education provider","Certificate III in Education Support","See notes","Any date before 1 January 2012",National,Australia,"Known codes include, but not limited to: 30613QLD, 30210QLD"
"Certificate III","Any Australian registered training organisation or accredited higher education provider","Certificate III in Childrens Services (Early Childhood Care)",2307AAC,"Any date before 1 January 2012",National,Australia,
"Emergency Asthma only","Any Australian registered training organisation or accredited higher education provider","Course in the Management of Asthma Risks and Emergencies in the Workplace",22282VIC,"Any date prior to 24 August 2020",National,Australia,"ACECQA assessed and approved this program on 24 February 2015. "
"Anaphylaxis Management only","Any Australian registered training organisation or accredited higher education provider","Course in First Aid Management of Anaphylaxis",22300VIC,"Any date before July 2021",National,Australia,"ACECQA assessed and approved this qualification on 11 March 2016. This qualification only satisfies the requirements for anaphylaxis management training."
"Anaphylaxis Management only","Any Australian registered training organisation or accredited higher education provider","Course in Allergy and Anaphylaxis",10710NAT,"Any date before July 2023",National,Australia,"ACECQA assessed and approved this program on 27 June 2018. This qualification only satisfies the requirements for anaphylaxis management training. "
"First Aid, Asthma and Anaphylaxis","Any Australian registered training organisation or accredited higher education provider","Course in Recognition and First Aid Care for Sick or Injured Children",10199NAT,"Any date if enrolled prior to May 2024",National,Australia,"ACECQA assessed and approved this program on 17 April 2019."
"Emergency Asthma only","Any Australian registered training organisation or accredited higher education provider","Course in the Management of Asthma Risks and Emergencies in the Workplace",22556VIC,"Any date prior to December 2025",National,Australia,"ACECQA assessed and approved this program on 10 August 2020.

This course replaces course 22282VIC."
"First Aid only","Any Australian registered training organisation or accredited higher education provider","Provide advanced first aid",HLTAID014,"Any date",National,Australia,
"First Aid only","Any Australian registered training organisation or accredited higher education provider","Provide first aid in remote or isolated site",HLTAID013,"Any date",National,Australia,
"First Aid only","Any Australian registered training organisation or accredited higher education provider","Provide first aid",HLTAID011,"Any date",National,Australia,
"First Aid, Asthma and Anaphylaxis","Any Australian registered training organisation or accredited higher education provider","Provide first aid in an education and care setting",HLTAID012,"Any date",National,Australia,
"Anaphylaxis Management only","Any Australian registered training organisation or accredited higher education provider","Course in First Aid Management of Anaphylaxis",22578VIC,"Any date prior to September 2026",National,Australia,"ACECQA assessed and approved this program on 11 August 2021. This qualification only satisfies the requirements for anaphylaxis management training."
"Certificate III","Any Australian registered training organisation or accredited higher education provider","Certificate III in Early Childhood Education and Care",CHC30121,"Any date",National,Australia,"CHC30121 is superseded by CHC30125 Certificate III in Early Childhood Education and Care."
Diploma,"Any Australian registered training organisation or accredited higher education provider","Diploma of Early Childhood Education and Care",CHC50121,"Any date",National,Australia,"CHC50121 is superseded by CHC50125 Diploma of Early Childhood Education and Care."
Diploma,"Any Australian registered training organisation or accredited higher education provider","Advanced Certificate in Child Care (Stream 3222)",,"Any date before 1 January 2012",National,Australia,
Diploma,"Any Australian registered training organisation or accredited higher education provider","Diploma of Early Childhood Education and Care",CHC50125,"Any date",National,Australia,
"Certificate III","Any Australian registered training organisation or accredited higher education provider","Certificate III in Early Childhood Education and Care",CHC30125,"Any date",National,Australia,
Diploma,"Any NZ accredited training organisation","Diploma - New Zealand Free Kindergarten Union",,"Any date before 1 January 2012",Queensland,"New Zealand","This qualification was previously assessed by the Queensland Government as being the equivalent to a Diploma qualification. Individuals seeking to work outside Queensland (or graduated after 1 January 2012) may still be eligible for recognition as a qualified educator if they apply to ACECQA for an assessment of equivalence."
"Certificate III","Any NZ accredited training organisation","New Zealand National Nanny Certificate",100850,"Any date before 1 January 2012",Queensland,"New Zealand","This qualification was previously assessed by the Queensland Government as being the equivalent to a Certificate III qualification. Individuals seeking to work outside Queensland (or graduated after 1 January 2012) may still be eligible for recognition as a qualified educator if they apply to ACECQA for an assessment of equivalence."
"Certificate III","Any NZ accredited training organisation","National Certificate in Early Childhood Education and Care (Level 3)",0403,"Any date before January 2020",National,"New Zealand","ACECQA assessed and approved this program on 12 February 2014.This qualification is also known as the Level 3 National Certificate in Early Childhood Education and Care with course codes 403 / 403-3 / 403-4 /403-5 "
Diploma,"Any NZ accredited training organisation","National Certificate in Early Childhood Education and Care (Level 5)",0430,"Any date before 1 January 2020",National,"New Zealand","ACECQA assessed and approved this program on 10 March 2014.This qualification is also known as the Level 5 National Certificate in Early Childhood Education and Care with course codes 430 / 430-3 / 430-4 / 430- 5 or 0430 Version 3, 0430 Version 4, 0430 Version 5"
"Certificate III","Any NZ accredited training organisation","New Zealand Certificate in Early Childhood Education and Care (Introductory Skills) (Level 3)","2849 / NZ2849","Any date prior to July 2028",National,"New Zealand","Also known as New Zealand Certificate in Early Childhood Education and Care Level 3. ACECQA assessed and approved this qualification on 9 June 2023."
"Certificate III","Any NZ accredited training organisation","New Zealand Certificate in Early Childhood Education and Care (Level 4)",2850,"Any date prior to July 2028",National,"New Zealand","ACECQA assessed and approved this qualification on 9 June 2023."
Diploma,"Any NZ accredited training organisation","New Zealand Diploma in Early Childhood Education and Care (Level 5)",2851,"Any date prior to July 2028",National,"New Zealand","ACECQA assessed and approved this qualification on 9 June 2023."
Diploma,"Any NZ accredited training organisation","New Zealand Diploma in Early Childhood Education and Care (Level 6)",2852,"Any date prior to July 2028",National,"New Zealand","ACECQA assessed and approved this qualification on 9 June 2023."
"FDC coordinator (Qld)","Any training organisation or accredited higher education provider (click for examples)","Any 2 year or higher (fulltime equivalent) behavioural science qualification",,"Any date before 1 January 2012",Queensland,N/A,"Please see the separate list of former approved qualifications for family day care coordinators (in Queensland only) for examples of qualifications in this category: https://www.acecqa.gov.au/qualifications/requirements/family-day-care-s…"
"FDC coordinator (Qld)","Any training organisation or accredited higher education provider (click for examples)","Any 2 year or higher (fulltime equivalent) community services qualification",,"Any date before 1 January 2012",Queensland,N/A,"Please see the separate list of former approved qualifications for family day care coordinators (in Queensland only) for examples of qualifications in this category: https://www.acecqa.gov.au/qualifications/requirements/family-day-care-s…"
"FDC coordinator (Qld)","Any training organisation or accredited higher education provider (click for examples)","Any 2 year or higher (fulltime equivalent) creative arts, fine arts, drama or music qualification",,"Any date before 1 January 2012",Queensland,N/A,"Please see the separate list of former approved qualifications for family day care coordinators (in Queensland only) for examples of qualifications in this category: https://www.acecqa.gov.au/qualifications/requirements/family-day-care-s…"
"FDC coordinator (Qld)","Any training organisation or accredited higher education provider (click for examples)","Any 2 year or higher (fulltime equivalent) early childhood education and care qualification",,"Any date before 1 January 2012",Queensland,N/A,"Please see the separate list of former approved qualifications for family day care coordinators (in Queensland only) for examples of qualifications in this category: https://www.acecqa.gov.au/qualifications/requirements/family-day-care-s…"
"FDC coordinator (Qld)","Any training organisation or accredited higher education provider (click for examples)","Any 2 year or higher (fulltime equivalent) nursing, physiotherapy, occupational therapy, diversional therapy or speech pathology qualification",,"Any date before 1 January 2012",Queensland,N/A,"Please see the separate list of former approved qualifications for family day care coordinators (in Queensland only) for examples of qualifications in this category: https://www.acecqa.gov.au/qualifications/requirements/family-day-care-s…"
"FDC coordinator (Qld)","Any training organisation or accredited higher education provider (click for examples)","Any 2 year or higher (fulltime equivalent) primary, secondary or special education qualification",,"Any date before 1 January 2012",Queensland,N/A,"Please see the separate list of former approved qualifications for family day care coordinators (in Queensland only) for examples of qualifications in this category: https://www.acecqa.gov.au/qualifications/requirements/family-day-care-s…"
"FDC coordinator (Qld)","Any training organisation or accredited higher education provider (click for examples)","Any 2 year or higher (fulltime equivalent) sport and recreation qualification",,"Any date before 1 January 2012",Queensland,N/A,"Please see the separate list of former approved qualifications for family day care coordinators (in Queensland only) for examples of qualifications in this category: https://www.acecqa.gov.au/qualifications/requirements/family-day-care-s…"
"FDC coordinator (Qld)","Any training organisation or accredited higher education provider (click for examples)","Any 2 year or higher (fulltime equivalent) human welfare studies and services qualification",,"Any date before 1 January 2012",Queensland,N/A,"Please see the separate list of former approved qualifications for family day care coordinators (in Queensland only) for examples of qualifications in this category: https://www.acecqa.gov.au/qualifications/requirements/family-day-care-s…"
Diploma,"Any UK accredited training organisations","Higher National Certificate - Child Care and Education",,"Any date before 1 January 2012",Queensland,"United Kingdom","This qualification was previously assessed by the Queensland Government as being the equivalent to a Diploma qualification. Individuals seeking to work outside Queensland (or graduated after 1 January 2012) may still be eligible for recognition as a qualified educator if they apply to ACECQA for an assessment of equivalence."
Diploma,"Any UK accredited training organisations","Higher National Certificate - Early Education and Childcare",,"Any date before 1 January 2012",Queensland,"United Kingdom","This qualification was previously assessed by the Queensland Government as being the equivalent to a Diploma qualification. Individuals seeking to work outside Queensland (or graduated after 1 January 2012) may still be eligible for recognition as a qualified educator if they apply to ACECQA for an assessment of equivalence."
Diploma,"Any UK accredited training organisations","Higher National Certificate - Early Years and Child Care",,"Any date before 1 January 2012",Queensland,"United Kingdom","This qualification was previously assessed by the Queensland Government as being the equivalent to a Diploma qualification. Individuals seeking to work outside Queensland (or graduated after 1 January 2012) may still be eligible for recognition as a qualified educator if they apply to ACECQA for an assessment of equivalence."
Diploma,"Any UK accredited training organisations","NVQ Level 3 Diploma in Early Years Care and Education",,"Any date before 1 January 2012",Queensland,"United Kingdom","This qualification was previously assessed by the Queensland Government as being the equivalent to a Diploma qualification. Individuals seeking to work outside Queensland (or graduated after 1 January 2012) may still be eligible for recognition as a qualified educator if they apply to ACECQA for an assessment of equivalence."
Diploma,"Any UK accredited training organisations","SQA Level 3 SVQ in Children's Care Learning and Development","G81X 23","Any date before 1 January 2012",Queensland,"United Kingdom","This qualification was previously assessed by the Queensland Government as being the equivalent to a Diploma qualification. Individuals seeking to work outside Queensland (or graduated after 1 January 2012) may still be eligible for recognition as a qualified educator if they apply to ACECQA for an assessment of equivalence."
Diploma,"Any UK accredited training organisations","SQA Level 3 SVQ in Early Years Care and Education","G45V 23","Any date before 1 January 2012",Queensland,"United Kingdom","This qualification was previously assessed by the Queensland Government as being the equivalent to a Diploma qualification. Individuals seeking to work outside Queensland (or graduated after 1 January 2012) may still be eligible for recognition as a qualified educator if they apply to ACECQA for an assessment of equivalence."
Diploma,"Arya Vidya Manoir Institute of Education (University of Mumbai)","Diploma in Early Childhood Care and Education",,"Any date before 1 January 2012",Queensland,India,"This qualification was previously assessed by the Queensland Government as being the equivalent to a Diploma qualification. Individuals seeking to work outside Queensland (or graduated after 1 January 2012) may still be eligible for recognition as a qualified educator if they apply to ACECQA for an assessment of equivalence."
ECT,"ASA Institute of Higher Education","Master of Teaching Early Childhood",MTEC,"Any date if enrolled prior to July 2031",National,Australia,"ACECQA assessed and approved this qualification on 9 July 2026."
ECT,"ASA Institute of Higher Education","Graduate Diploma of Early Childhood Education",GDECE,"Any date if enrolled prior to July 2031",National,Australia,"ACECQA assessed and approved this qualification on 9 July 2026."
"Emergency Asthma only","Asthma Australia","Course in Asthma Awareness",10760NAT,"Any date before August 2024",National,Australia,"ACECQA assessed and approved this program on 5 August 2019. This qualification only satisfies the requirements for emergency asthma training."
Diploma,"Auckland College of Education","Bachelor of Education (Teaching) - Early Childhood Pathway",,"Any date before 1 January 2012",Queensland,"New Zealand","This qualification was previously assessed by the Queensland Government as being the equivalent to a Diploma qualification. Individuals seeking to work outside Queensland (or graduated after 1 January 2012) may still be eligible for recognition as a qualified educator if they apply to ACECQA for an assessment of equivalence. On 1 September 2004, the Auckland College of Education merged with Auckland University's School of Education to form the Faculty of Education"
Diploma,"Auckland College of Education","Diploma of Early Childhood Education (Pacific Islands)",,"Any date before 1 January 2012",Queensland,"New Zealand","This qualification was previously assessed by the Queensland Government as being the equivalent to a Diploma qualification. Individuals seeking to work outside Queensland (or graduated after 1 January 2012) may still be eligible for recognition as a qualified educator if they apply to ACECQA for an assessment of equivalence. On 1 September 2004, the Auckland College of Education merged with Auckland University's School of Education to form the Faculty of Education"
Diploma,"Auckland College of Education","Diploma of Teaching (Division E Kindergarten)",,"Any date before 1 January 2012",Queensland,"New Zealand","This qualification was previously assessed by the Queensland Government as being the equivalent to a Diploma qualification. Individuals seeking to work outside Queensland (or graduated after 1 January 2012) may still be eligible for recognition as a qualified educator if they apply to ACECQA for an assessment of equivalence. On 1 September 2004, the Auckland College of Education merged with Auckland University's School of Education to form the Faculty of Education"
Diploma,"Auckland College of Education","Diploma of Teaching (Early Childhood Education)",,"Any date before 1 January 2012",Queensland,"New Zealand","This qualification was previously assessed by the Queensland Government as being the equivalent to a Diploma qualification. Individuals seeking to work outside Queensland (or graduated after 1 January 2012) may still be eligible for recognition as a qualified educator if they apply to ACECQA for an assessment of equivalence. On 1 September 2004, the Auckland College of Education merged with Auckland University's School of Education to form the Faculty of Education"
Diploma,"Auckland Institute of Technology","National Diploma in Early Childhood Group Education and Care",,"Any date before 1 January 2012",Queensland,"New Zealand","This qualification was previously assessed by the Queensland Government as being the equivalent to a Diploma qualification. Individuals seeking to work outside Queensland (or graduated after 1 January 2012) may still be eligible for recognition as a qualified educator if they apply to ACECQA for an assessment of equivalence."
Diploma,"Auckland University of Technology","Bachelor of Education (Early Childhood Education)",,"Any date before 1 January 2012",Queensland,"New Zealand","This qualification was previously assessed by the Queensland Government as being the equivalent to a Diploma qualification. Individuals seeking to work outside Queensland (or graduated after 1 January 2012) may still be eligible for recognition as a qualified educator if they apply to ACECQA for an assessment of equivalence."
Diploma,"Auckland University of Technology","Bachelor of Education (Early Childhood Teaching)",,"Any date before 1 January 2012",Queensland,"New Zealand","This qualification was previously assessed by the Queensland Government as being the equivalent to a Diploma qualification. Individuals seeking to work outside Queensland (or graduated after 1 January 2012) may still be eligible for recognition as a qualified educator if they apply to ACECQA for an assessment of equivalence."
Diploma,"Auckland University of Technology","Bachelor of Education (Montessori Early Childhood Teaching)",,"Any date before 1 January 2012",Queensland,"New Zealand","This qualification was previously assessed by the Queensland Government as being the equivalent to a Diploma qualification. Individuals seeking to work outside Queensland (or graduated after 1 January 2012) may still be eligible for recognition as a qualified educator if they apply to ACECQA for an assessment of equivalence."
"Certificate III","Auckland University of Technology","Certificate in Early Childhood Education",AK3525,"Any date before 1 January 2012",Queensland,"New Zealand","This qualification was previously assessed by the Queensland Government as being the equivalent to a Certificate III qualification. Individuals seeking to work outside Queensland (or graduated after 1 January 2012) may still be eligible for recognition as a qualified educator if they apply to ACECQA for an assessment of equivalence."
"Certificate III","Auckland University of Technology","Certificate in Education (Early Childhood Pasifika)",AK1275,"Any date before 1 January 2012",Queensland,"New Zealand","This qualification was previously assessed by the Queensland Government as being the equivalent to a Certificate III qualification. Individuals seeking to work outside Queensland (or graduated after 1 January 2012) may still be eligible for recognition as a qualified educator if they apply to ACECQA for an assessment of equivalence."
"Anaphylaxis Management only","Australasian Society of Clinical Immunology and Allergy (ASCIA)","Anaphylaxis E-Training for Australasian Early Childhood Education and Care",,"Any date before 30 September 2023",National,Australia,"ACECQA assessed and reapproved this program on 7 February 2018. The course may also be known as 'Anaphylaxis E-Training for Australasian Childcare'. This qualification only satisfies the requirements for anaphylaxis management training."
"Anaphylaxis Management only","Australasian Society of Clinical Immunology and Allergy (ASCIA)","Anaphylaxis Training for NSW Childcare",,"Any date before 31 August 2017",National,Australia,"ACECQA assessed and approved this program on 31 August 2012. This qualification only satisfies the requirements for anaphylaxis management training. This course is no longer current."
"Anaphylaxis Management only","Australasian Society of Clinical Immunology and Allergy (ASCIA)","Anaphylaxis Training for WA Childcare",,"Any date before 31 August 2017",National,Australia,"ACECQA assessed and approved this program on 31 August 2012. This qualification only satisfies the requirements for anaphylaxis management training. This course is no longer current."
"Anaphylaxis Management only","Australasian Society of Clinical Immunology and Allergy (ASCIA)","Anaphylaxis Training for NSW Early Childhood Education and Care",,"Any date before September 2023",National,Australia,"ACECQA assessed and approved this program on 21 May 2018. This qualification only satisfies the requirements for anaphylaxis management training."
"Anaphylaxis Management only","Australasian Society of Clinical Immunology and Allergy (ASCIA)","ASCIA Anaphylaxis Training for Children's Education/Care",,"Any date before October 2026",National,Australia,"ACECQA assessed and approved this qualification on 6 October 2023. This course may also be known as ASCIA anaphylaxis e-training for children's education/care. "
Diploma,"Australian Catholic University","Associate Degree in Early Childhood Education",,"Any date before 1 January 2017",National,Australia,
ECT,"Australian Catholic University","Bachelor of Education (Primary) + Graduate Certificate in Education (Early Childhood)",,"Any date if enrolled prior to 1 January 2017",National,Australia,
ECT,"Australian Catholic University","Bachelor of Education (Primary) with specialisation in Early Childhood Education",,"Any date if enrolled prior to 1 January 2017",National,Australia,
ECT,"Australian Catholic University","Bachelor of Teaching (Early Childhood)",,"Any date if enrolled prior to 1 January 2017",National,Australia,
ECT,"Australian Catholic University","Bachelor of Teaching (Primary) with specialisation in Early Childhood Education",,"Any date if enrolled prior to 1 January 2017",National,Australia,
ECT,"Australian Catholic University","Postgraduate Certificate in Education (Early Childhood)",,"Any date if enrolled prior to 1 January 2012",National,Australia,"Also known as the 'Graduate Certificate in Education (Early Childhood)'"
ECT,"Australian Catholic University","Master of Early Childhood Education",MECEd,"Any date if enrolled prior to December 2017",National,Australia,"ACECQA assessed and approved this qualification on 17 December 2012."
ECT,"Australian Catholic University","Master of Teaching (Early Childhood)",MTeachEC,"Any date if enrolled prior to December 2017",National,Australia,"ACECQA assessed and approved this qualification on 17 December 2012."
ECT,"Australian Catholic University","Master of Teaching (Early Years)",MTeachEY,"Any date if enrolled prior to August 2018",National,Australia,"ACECQA assessed and approved this qualification on 28 August 2013."
ECT,"Australian Catholic University","Bachelor of Early Childhood Education (Birth to Five Years)","BECEd (B-5)","Any date if enrolled prior to December 2020",National,Australia,"ACECQA assessed and approved this program on 21 November 2013."
ECT,"Australian Catholic University","Bachelor of Education (Early Childhood and Primary)",,"Any date if enrolled prior to September 2021",National,Australia,"ACECQA assessed and approved this program on 11 July 2014."
ECT,"Australian Catholic University","Bachelor of Education (Early Childhood and Primary) (Honours)",BEDECP(HONS),"Any date if enrolled prior to November 2020",National,Australia,"ACECQA assessed and approved this program on 11 July 2014."
ECT,"Australian Catholic University","Master of Teaching (Early Childhood and Primary)",MTeach(ECPri),"Any date if enrolled prior to March 2024",National,Australia,"ACECQA assessed and approved this program on 15 November 2017."
ECT,"Australian Catholic University","Diploma of Teaching - Infants/Primary",,"Any date if enrolled prior to 1 January 2012",National,Australia,
ECT,"Australian Catholic University","Bachelor of Early Childhood Education (Birth to Five Years)",BEarlChildEd,"Any date if enrolled prior to October 2026",National,Australia,"ACECQA assessed and approved this program on 11 January 2021."
ECT,"Australian Catholic University","Bachelor of Education (Early Childhood and Primary)",,"Any date if enrolled prior to April 2027",National,Australia,"ACECQA assessed and approved this program on 18 March 2022."
ECT,"Australian Catholic University","Master of Teaching (Early Childhood and Primary)",MTCPEC,"Any date if enrolled prior to February 2028",National,Australia,"ACECQA assessed and approved this program on 31 January 2023."
ECT,"Australian Catholic University","Bachelor of Early Childhood Education (Birth to Five years)",BEarlChildEd,"Any date if enrolled prior to October 2030",National,Australia,"ACECQA reassessed and reapproved this qualification on 13 October 2025."
Diploma,"Australian Centre for Montessori Studies","Diploma of Montessori Studies",,"Any date before 1 January 2012",National,Australia,
Diploma,"Australian Centre for Montessori Studies","AMI Montessori Diploma Early Childhood (3-6)",AMIDIP3-6,"Any date before 26 September 2020",National,Australia,"ACECQA assessed and approved this qualification on 28 September 2016. "
Diploma,"Australian Child Care Career Options","Diploma of Children's Services (Centre-based/Home-based/Family Day Care)",,"Any date before 1 January 2017",National,Australia,
Diploma,"Australian Early Childhood College","Associate Diploma of Early Childhood Education",,"Any date before 1 January 2012",National,Australia,"Also known as 'Associate Diploma in Early Childhood Education'. Australian Early Childhood College was formerly known by a different name: Australian College of Nannies"
Diploma,"Australian Early Childhood College","Diploma of Early Childhood Education",,"Any date before 1 January 2017",National,Australia,"Australian Early Childhood College was formerly known by a different name: Australian College of Nannies"
ECT,"Australian Early Education Institute","Graduate Diploma in Early Childhood",GD,"Any date if enrolled prior to August 2031",National,Australia,"ACECQA assessed and approved this qualification on 17 August 2026."
ECT,"Australian Guild of Education","Graduate Diploma of Early Childhood Education",GDECE,"Any date if enrolled prior to August 2030",National,Australia,"ACECQA assessed and approved this qualification on 15 August 2025. This institute was formerly known as Australian Guild of Music Education Inc."
Diploma,"Australian Professional Training Institute","Diploma of Children's Services (Centre-based/Home-based/Family Day Care)",,"Any date before 1 January 2017",National,Australia,
ECT,"Australian School of Business","Graduate Diploma of Early Childhood Education",GDipECE,"Any date if enrolled prior to April 2030",National,Australia,"ACECQA assessed and approved this qualification on 3 March 2025.The Australian School of Business is also known as the Australian School of Business Pty Ltd and the Australis Business School. "
ECT,"Australian School of Business","Master of Teaching (Early Childhood Education)",MTeachECE,"Any date if enrolled prior to April 2031",National,Australia,"ACECQA assessed and approved this qualification on 14 April 2026.The Australian School of Business is also known as the Australian School of Business Pty Ltd and the Australis Business School. "
"Certificate III","Avalon Training Centre","NVQ Child Care and Education (Work in Support of Others) Level 2",,"Any date before 1 January 2012",Queensland,"United Kingdom","This qualification was previously assessed by the Queensland Government as being the equivalent to a Certificate III qualification. Individuals seeking to work outside Queensland (or graduated after 1 January 2012) may still be eligible for recognition as a qualified educator if they apply to ACECQA for an assessment of equivalence."
ECT,"Avondale University","Bachelor of Education (Early Childhood) (Honours)",4796,"Any date if enrolled prior to 1 January 2017",National,Australia,"Avondale University was formally known as Avondale University College and Avondale College"
ECT,"Avondale University","Bachelor of Education (Early Childhood Birth - 5 years)",4770,"Any date if enrolled prior to March 2030",National,Australia,"ACECQA reassessed and reapproved this program on 6 February 2025.Avondale University was formally known as Avondale University College and Avondale College "
ECT,"Avondale University","Bachelor of Education (Early Childhood)",4795,"Any date if enrolled prior to 1 January 2017",National,Australia,"Avondale University was formally known as Avondale University College and Avondale College"
ECT,"Avondale University","Bachelor of Education Early Childhood/Primary (Birth - 12 years)",4772,"Any date if enrolled prior to September 2019",National,Australia,"ACECQA assessed and approved this program on 23 September 2014.

Avondale University was formally known as Avondale University College and Avondale College"
ECT,"Avondale University","Bachelor of Education Early Childhood/Primary (Honours) (Birth - 12 years)",4773,"Any date if enrolled prior to September 2019",National,Australia,"ACECQA assessed and approved this program on 23 September 2014.

Avondale University was formally known as Avondale University College and Avondale College"
ECT,"Avondale University","Bachelor of Arts/Bachelor of Teaching (Birth - 12 years)",4210,"Any date if enrolled prior to July 2021",National,Australia,"ACECQA assessed and approved this program on 6 January 2016.

Avondale University was formally known as Avondale University College and Avondale College"
ECT,"Avondale University","Bachelor of Arts / Bachelor of Teaching (Birth – 12 Years)",4210,"Any date if enrolled prior to July 2026",National,Australia,"ACECQA reassessed and approved this program on 10 June 2021

Avondale University College was formerly known by a different name: Avondale College"
Diploma,"Baekseok College of Cultural Studies","Certificate of Graduation in Early Childhood Education",,"Any date before 1 January 2012",Queensland,"South Korea","This qualification was previously assessed by the Queensland Government as being the equivalent to a Diploma qualification. Individuals seeking to work outside Queensland (or graduated after 1 January 2012) may still be eligible for recognition as a qualified educator if they apply to ACECQA for an assessment of equivalence."
ECT,"Barton Business School","Graduate Diploma of Early Childhood Education",GDECE,"Any date if enrolled prior to July 2030",National,Australia,"ACECQA assessed and approved this qualification on 15 July 2025.This institute is also known as BBS Higher Education Pty Ltd."
ECT,"Barton Business School","Master of Teaching (Early Childhood Education)",MTeach(ECE),"Any date if enrolled prior to July 2030",National,Australia,"ACECQA assessed and approved this qualification on 15 July 2025.This institute is also known as BBS Higher Education Pty Ltd."
ECT,"Batchelor College","Diploma of Teaching (Early Childhood Education)",,"Any date if enrolled prior to 1 January 2012",National,Australia,
Diploma,"Batchelor Institute of Indigenous Tertiary Education","Advanced Diploma of Education (Early Childhood)",,"Any date before 1 January 2012",National,Australia,
Diploma,"Batchelor Institute of Indigenous Tertiary Education","Advanced Diploma of Teaching (Early Childhood)",,"Any date before 1 January 2012",National,Australia,
Diploma,"Batchelor Institute of Indigenous Tertiary Education","Diploma of Teaching (Early Childhood)",,"Any date before 1 January 2017",National,Australia,
ECT,"Bayside Community College of TAFE","Associate Diploma of Education (Child Care)",,"Any date if enrolled prior to 1 January 2012",National,Australia,
Diploma,"Beijing Normal School for Preschool Education Staff","Diploma in Preschool Education",,"Any date before 1 January 2012",Queensland,China,"This qualification was previously assessed by the Queensland Government as being the equivalent to a Diploma qualification. Individuals seeking to work outside Queensland (or graduated after 1 January 2012) may still be eligible for recognition as a qualified educator if they apply to ACECQA for an assessment of equivalence."
Diploma,"Beirut University College (now known as Lebanese American University)","Bachelor of Arts Early Childhood Education",,"Any date before 1 January 2012",Queensland,Lebanon,"This qualification was previously assessed by the Queensland Government as being the equivalent to a Diploma qualification. Individuals seeking to work outside Queensland (or graduated after 1 January 2012) may still be eligible for recognition as a qualified educator if they apply to ACECQA for an assessment of equivalence."
ECT,"Bendigo Teachers' College","Trained Infant Teachers' Certificate",,"Any date if enrolled prior to 1 January 2012",National,Australia,
Diploma,"Bethlehem Teachers College","Diploma of Teaching (Early Childhood Education)",,"Any date before 1 January 2012",Queensland,"New Zealand","This qualification was previously assessed by the Queensland Government as being the equivalent to a Diploma qualification. Individuals seeking to work outside Queensland (or graduated after 1 January 2012) may still be eligible for recognition as a qualified educator if they apply to ACECQA for an assessment of equivalence."
ECT,"Bond University","Bachelor of Children's Services",,"Any date if enrolled prior to 1 January 2012",National,Australia,
ECT,"Bond University","Bachelor of Health Sciences (Child Care)",,"Any date if enrolled prior to 1 January 2012",National,Australia,
ECT,"Box Hill Institute","Bachelor of Early Childhood (Education and Care)",BECEC,"Any date if enrolled prior to 1 January 2017",National,Australia,
ECT,"Box Hill Institute","Graduate Diploma in Early Childhood Teaching",GDECT,"Any date if enrolled prior to June 2023",National,Australia,"ACECQA reassessed and reapproved this qualification on 14 May 2018."
ECT,"Box Hill Institute","Bachelor of Early Childhood Education",0008BECE1,"Any date if enrolled prior to September 2021",National,Australia,"ACECQA assessed and approved this qualification on 30 September 2016."
ECT,"Box Hill Institute","Bachelor of Early Childhood Education",0008BECE1,"Any date if enrolled prior to November 2029",National,Australia,"ACECQA reassessed and reapproved this qualification on 4 October 2024"
"Certificate III","Bradford Community College","National Diploma in Nursery Nursing",,"Any date before 1 January 2012",Queensland,"United Kingdom","This qualification was previously assessed by the Queensland Government as being the equivalent to a Certificate III qualification. Individuals seeking to work outside Queensland (or graduated after 1 January 2012) may still be eligible for recognition as a qualified educator if they apply to ACECQA for an assessment of equivalence."
Diploma,"Bridgewater State College (Massachusetts)","Bachelor of Science Degree in Education",,"Any date before 1 January 2012",Queensland,"United States of America","This qualification was previously assessed by the Queensland Government as being the equivalent to a Diploma qualification. Individuals seeking to work outside Queensland (or graduated after 1 January 2012) may still be eligible for recognition as a qualified educator if they apply to ACECQA for an assessment of equivalence."
Diploma,"Brisbane College of Advanced Education","Associate Diploma of Child Care",,"Any date before 1 January 2012",National,Australia,"Also known as 'Associate Diploma in Child Care'."
ECT,"Brisbane College of Advanced Education","Diploma of Teaching (Early Childhood Education)",,"Any date if enrolled prior to 1 January 2012",National,Australia,
ECT,"Brisbane College of Advanced Education","Diploma of Teaching (Early Childhood)",,"Any date if enrolled prior to 1 January 2012",National,Australia,
ECT,"Brisbane College of Advanced Education","Diploma of Teaching (Primary and Early Childhood Education)",,"Any date if enrolled prior to 1 January 2012",National,Australia,
ECT,"Brisbane College of Advanced Education","Diploma of Teaching (Primary and Preschool)",,"Any date if enrolled prior to 1 January 2012",National,Australia,
ECT,"Brisbane College of Advanced Education","Diploma of Teaching (Primary) with specialisation in Early Education",,"Any date if enrolled prior to 1 January 2012",National,Australia,
ECT,"Brisbane College of Advanced Education","Graduate Diploma in Early Childhood Education",,"Any date if enrolled prior to 1 January 2012",National,Australia,
ECT,"Brisbane College of Advanced Education","Graduate Diploma of Teaching (Early Childhood Education)",,"Any date if enrolled prior to 1 January 2012",National,Australia,
ECT,"Brisbane College of Advanced Education","Graduate Diploma of Teaching (Early Childhood)",,"Any date if enrolled prior to 1 January 2012",National,Australia,
Diploma,"Brisbane Kindergarten Teachers' College","Associate Diploma of Child Care",,"Any date before 1 January 2012",National,Australia,
ECT,"Brisbane Kindergarten Teachers' College","Diploma of Nursery - Kindergarten Teaching",,"Any date if enrolled prior to 1 January 2012",National,Australia,
ECT,"Brisbane Kindergarten Teachers' College","Diploma of Teaching (Early Childhood Education)",,"Any date if enrolled prior to 1 January 2012",National,Australia,
ECT,"Brisbane Kindergarten Teachers' College","Diploma of Teaching (Early Childhood)",,"Any date if enrolled prior to 1 January 2012",National,Australia,
ECT,"Brisbane Kindergarten Teachers' College","Diploma of Teaching (ECE) (0-8)",,"Any date if enrolled prior to 1 January 2012",National,Australia,
ECT,"Brisbane Kindergarten Teachers' College","Diploma of the Brisbane Kindergarten Teachers' College",,"Any date if enrolled prior to 1 January 2012",National,Australia,
Diploma,"Bulawayo Teachers Training College","Bachelor of Education (Early Childhood)",,"Any date before 1 January 2012",Queensland,Rhodesia,"This qualification was previously assessed by the Queensland Government as being the equivalent to a Diploma qualification. Individuals seeking to work outside Queensland (or graduated after 1 January 2012) may still be eligible for recognition as a qualified educator if they apply to ACECQA for an assessment of equivalence."
Diploma,"Cairo University","Bachelor of Education (Kindergarten)",,"Any date before 1 January 2012",Queensland,Egypt,"This qualification was previously assessed by the Queensland Government as being the equivalent to a Diploma qualification. Individuals seeking to work outside Queensland (or graduated after 1 January 2012) may still be eligible for recognition as a qualified educator if they apply to ACECQA for an assessment of equivalence."
Diploma,"California State University","Bachelor of Arts in Child Development",,"Any date before 1 January 2012",Queensland,"United States of America","This qualification was previously assessed by the Queensland Government as being the equivalent to a Diploma qualification. Individuals seeking to work outside Queensland (or graduated after 1 January 2012) may still be eligible for recognition as a qualified educator if they apply to ACECQA for an assessment of equivalence."
Diploma,"Cambrian College of Applied Arts and Technology","Early Childhood Education Diploma",,"Any date before 1 January 2012",Queensland,Canada,"This qualification was previously assessed by the Queensland Government as being the equivalent to a Diploma qualification. Individuals seeking to work outside Queensland (or graduated after 1 January 2012) may still be eligible for recognition as a qualified educator if they apply to ACECQA for an assessment of equivalence."
Diploma,"Cambridge University","Diploma in Pre-school Practice",,"Any date before 1 January 2012",Queensland,"United Kingdom","This qualification was previously assessed by the Queensland Government as being the equivalent to a Diploma qualification. Individuals seeking to work outside Queensland (or graduated after 1 January 2012) may still be eligible for recognition as a qualified educator if they apply to ACECQA for an assessment of equivalence."
Diploma,"Cambridge University","Diploma in Pre-school Practice",,"Any date before 1 January 2012",Queensland,"United Kingdom","This qualification was previously assessed by the Queensland Government as being the equivalent to a Diploma qualification. Individuals seeking to work outside Queensland (or graduated after 1 January 2012) may still be eligible for recognition as a qualified educator if they apply to ACECQA for an assessment of equivalence."
ECT,"Canberra College of Advanced Education","Bachelor of Education (Early Childhood)",,"Any date if enrolled prior to 1 January 2012",National,Australia,
ECT,"Canberra College of Advanced Education","Diploma of Teaching (Early Childhood Education)",,"Any date if enrolled prior to 1 January 2012",National,Australia,
ECT,"Canberra College of Advanced Education","Diploma of Teaching (Early Childhood)",,"Any date if enrolled prior to 1 January 2012",National,Australia,
Diploma,"Canberra Institute of Technology","Associate Diploma of Health Science in Child Care",,"Any date before 1 January 2012",National,Australia,"Also known as 'Associate Diploma in Health Science in Child Care'. Canberra Institute of Technology was formerly known by a different name: ACT Institute of Technical and Further Education"
Diploma,"Canberra Institute of Technology","Associate Diploma of Social Science (Child Studies)",,"Any date before 1 January 2017",National,Australia,"Canberra Institute of Technology was formerly known by a different name: ACT Institute of Technical and Further Education"
Diploma,"Canberra Institute of Technology","Associate Diploma of Social Science in Child Care",,"Any date before 1 January 2012",National,Australia,"Canberra Institute of Technology was formerly known by a different name: ACT Institute of Technical and Further Education"
Diploma,"Cape Town College of Education","Higher Diploma in Education: Pre-Primary",,"Any date before 1 January 2012",Queensland,"South Africa","This qualification was previously assessed by the Queensland Government as being the equivalent to a Diploma qualification. Individuals seeking to work outside Queensland (or graduated after 1 January 2012) may still be eligible for recognition as a qualified educator if they apply to ACECQA for an assessment of equivalence."
Diploma,"Catholic Teacher Training College Wijlderbeek At Venlo","Nursery Schools Teacher's Diploma",,"Any date before 1 January 2012",Queensland,Netherlands,"This qualification was previously assessed by the Queensland Government as being the equivalent to a Diploma qualification. Individuals seeking to work outside Queensland (or graduated after 1 January 2012) may still be eligible for recognition as a qualified educator if they apply to ACECQA for an assessment of equivalence."
ECT,"Catholic Teachers' College","Diploma in Teaching (Infants)",,"Any date if enrolled prior to 1 January 2012",National,Australia,"Also known as 'Diploma in Infants Teaching' or Diploma in Teaching, transcript must show individual completed the infants or infants/primary stream. Catholic Teachers' College became Australian Catholic University in 1991."
Diploma,"Central College of Childhood Education and Community Services","Diploma of Child Care",,"Any date before 1 January 2017",National,Australia,
"Certificate III","Central West Community College","Certificate III in Child Care - Home Based",,"Any date before 1 January 2012",National,Australia,
"Certificate III","Central West Community College","Certificate in Child Care (Home-based Care)",,"Any date before 1 January 2012",National,Australia,
"Certificate III","Centro De Formacion Technica,Itesa, La Serena","Child Care Assistant III",,"Any date before 1 January 2012",Queensland,Chile,"This qualification was previously assessed by the Queensland Government as being the equivalent to a Certificate III qualification. Individuals seeking to work outside Queensland (or graduated after 1 January 2012) may still be eligible for recognition as a qualified educator if they apply to ACECQA for an assessment of equivalence."
Diploma,"Charles Darwin University","Diploma of Education (Child Care)",,"Any date before 1 January 2017",National,Australia,"Charles Darwin University was formerly known by a different name: Northern Territory University"
Diploma,"Charles Darwin University","Associate Diploma of Child Care Studies",,"Any date before 1 January 2012",National,Australia,"Also known as 'Associate Diploma in Child Care Studies'. Charles Darwin University was formerly known by a different name: Northern Territory University"
Diploma,"Charles Darwin University","Associate Diploma of Education (Child Care)",,"Any date before 1 January 2012",National,Australia,"Also known as 'Associate Diploma in Education (Child Care)'. Charles Darwin University was formerly known by a different name: Northern Territory University"
Diploma,"Charles Darwin University","Associate Diploma of Education (Child Care)",,"Any date before 1 January 2012",National,Australia,"Charles Darwin University was formerly known by a different name: Northern Territory University"
Diploma,"Charles Darwin University","Associate Diploma of Education (Early Childhood)",,"Any date before 1 January 2012",National,Australia,"Also known as 'Associate Diploma in Education (Early Childhood)'. Charles Darwin University was formerly known by a different name: Northern Territory University"
ECT,"Charles Darwin University","Bachelor of Children's Services",,"Any date if enrolled prior to 1 January 2012",National,Australia,"Charles Darwin University was formerly known by a different name: Northern Territory University"
ECT,"Charles Darwin University","Bachelor of Early Childhood Learning",BECL,"Any date if enrolled prior to 1 January 2017",National,Australia,
Diploma,"Charles Darwin University","Diploma of Children's Services (Early Childhood Education and Care)",CHC50908,"Any date before 1 January 2017",National,Australia,"Charles Darwin University was formerly known by a different name: Northern Territory University"
ECT,"Charles Darwin University","Bachelor of Education (Early Childhood)",,"Any date if enrolled prior to 1 January 2017",National,Australia,"The qualification parchment and transcripts may list the awarding institution as 'Batchelor Institute of Indigenous Tertiary Education' Charles Darwin University was formerly known by a different name: Northern Territory University"
ECT,"Charles Darwin University","Bachelor of Education (Preservice)",,"Any date if enrolled prior to 1 January 2012",National,Australia,"Charles Darwin University was formerly known by a different name: Northern Territory University"
ECT,"Charles Darwin University","Bachelor of Teaching (Early Childhood)",,"Any date if enrolled prior to 1 January 2017",National,Australia,"The qualification parchment and transcripts may list the awarding institution as 'Batchelor Institute of Indigenous Tertiary Education' Charles Darwin University was formerly known by a different name: Northern Territory University"
ECT,"Charles Darwin University","Bachelor of Teaching (Primary and Early Childhood)",,"Any date if enrolled prior to 1 January 2012",National,Australia,"Charles Darwin University was formerly known by a different name: Northern Territory University"
ECT,"Charles Darwin University","Bachelor of Teaching and Learning (Early Childhood)",BTLEC,"Any date if enrolled prior to 1 January 2017",National,Australia,
ECT,"Charles Darwin University","Bachelor of Teaching and Learning (Pre-service)",BTLP,"Any date if enrolled prior to 1 January 2017",National,Australia,
ECT,"Charles Darwin University","Bachelor of Teaching and Learning In-service (Early Childhood)",BTLIEC,"Any date if enrolled prior to 1 January 2017",National,Australia,
ECT,"Charles Darwin University","Diploma of Teaching (Early Childhood Education)",,"Any date if enrolled prior to 1 January 2012",National,Australia,"Charles Darwin University was formerly known by a different name: Northern Territory University"
ECT,"Charles Darwin University","Diploma of Teaching (Primary/E.C.E.)",,"Any date if enrolled prior to 1 January 2012",National,Australia,"Charles Darwin University was formerly known by a different name: Northern Territory University"
ECT,"Charles Darwin University","Graduate Diploma in Teaching and Learning",GDTL,"Any date if enrolled prior to 1 January 2012",National,Australia,"Qualification must be completed in the early childhood stream. Program offered from 2007 to 2011."
ECT,"Charles Darwin University","Bachelor of Education Early Childhood Teaching",BEDEC,"Any date if enrolled prior to February 2021",National,Australia,"ACECQA assessed and approved this qualification on 10 February 2016."
ECT,"Charles Darwin University","Bachelor of Education (Graduate Entry)",BEDGE,"Any date if enrolled prior to February 2021",National,Australia,"ACECQA assessed and approved this qualification on 10 February 2016. Transcript must show individual completed the Early Childhood and Primary Teaching specialisation stream."
ECT,"Charles Darwin University","Master of Teaching",STCH01,"Any date if enrolled prior to January 2023",National,Australia,"ACECQA assessed and approved this qualification on 6 September 2017. Transcript must show individual completed the Early Childhood and Primary specialisation stream."
ECT,"Charles Darwin University","Bachelor of Education in Early Childhood Teaching (Birth - 12 Years)",WEDEC1,"Any date if enrolled prior to August 2025",National,Australia,"ACECQA assessed and approved this qualification on 7 July 2020."
ECT,"Charles Darwin University","Master of Teaching Early Childhood",STCHE1,"Any date if enrolled prior to February 2028",National,Australia,"ACECQA assessed and approved this qualification on 31 January 2023."
ECT,"Charles Darwin University","Master of Teaching Birth to Five Years",STCHB1,"Any date if enrolled prior to January 2029",National,Australia,"ACECQA assessed and approved this qualification on 31 May 2023."
ECT,"Charles Darwin University","Bachelor of Education Birth to 5 Years",WEDB01,"Any date if enrolled prior to February 2030",National,Australia,"ACECQA assessed and approved this qualification on 23 January 2025."
ECT,"Charles Darwin University","Bachelor of Education Early Childhood and Primary",WEDEC2,"Any date if enrolled prior to February 2030",National,Australia,"ACECQA assessed and approved this qualification on 28 January 2025."
ECT,"Charles Sturt University","Bachelor of Early Childhood Teaching (Birth to Five Years) / Bachelor of Nursing",3405EN,"Any date if enrolled prior to 1 January 2017",National,Australia,"Charles Sturt University was formerly known by a different name: Mitchell College of Advanced Education OR Riverina College of Advanced Education OR Riverina-Murray Institute of Higher Education"
ECT,"Charles Sturt University","Bachelor of Early Childhood Teaching (Birth to Five Years)/Bachelor of Speech and Hearing Services",3405ES,"Any date if enrolled prior to 1 January 2017",National,Australia,"Charles Sturt University was formerly known by a different name: Mitchell College of Advanced Education OR Riverina College of Advanced Education OR Riverina-Murray Institute of Higher Education"
ECT,"Charles Sturt University","Bachelor of Education (Early Childhood and Primary)","3408EP / 3414EP / 3416EP","Any date if enrolled prior to May 2019",National,Australia,"ACECQA reassessed and reapproved this qualification on 10 December 2013."
ECT,"Charles Sturt University","Bachelor of Education (Early Childhood)",,"Any date if enrolled prior to 1 January 2012",National,Australia,"Charles Sturt University was formerly known by a different name: Mitchell College of Advanced Education OR Riverina College of Advanced Education OR Riverina-Murray Institute of Higher Education"
ECT,"Charles Sturt University","Bachelor of Teaching (Birth to Five Years)","3412EC / 3400EC","Any date if enrolled prior to 1 January 2017",National,Australia,
ECT,"Charles Sturt University","Bachelor of Teaching (Early Childhood Education)",,"Any date if enrolled prior to 1 January 2012",National,Australia,"Charles Sturt University was formerly known by a different name: Mitchell College of Advanced Education OR Riverina College of Advanced Education OR Riverina-Murray Institute of Higher Education"
ECT,"Charles Sturt University","Bachelor of Teaching (Early Childhood)",,"Any date if enrolled prior to 1 January 2012",National,Australia,"Charles Sturt University was formerly known by a different name: Mitchell College of Advanced Education OR Riverina College of Advanced Education OR Riverina-Murray Institute of Higher Education"
ECT,"Charles Sturt University","Diploma of Teaching (Early Childhood Education)",,"Any date if enrolled prior to 1 January 2012",National,Australia,"Charles Sturt University was formerly known by a different name: Mitchell College of Advanced Education OR Riverina College of Advanced Education OR Riverina-Murray Institute of Higher Education"
ECT,"Charles Sturt University","Diploma of Teaching (Early Childhood)",,"Any date if enrolled prior to 1 January 2012",National,Australia,"Charles Sturt University was formerly known by a different name: Mitchell College of Advanced Education OR Riverina College of Advanced Education OR Riverina-Murray Institute of Higher Education"
ECT,"Charles Sturt University","Bachelor of Education (Birth to Five Years)",3409BC,"Any date if enrolled prior to February 2023",National,Australia,"ACECQA reassessed and reapproved this qualification on 31 January 2017."
ECT,"Charles Sturt University","Bachelor of Education (Early Childhood/Primary)",3405EP,"Any date if enrolled prior to 1 January 2012",National,Australia,"Charles Sturt University was formerly known by a different name: Mitchell College of Advanced Education OR Riverina College of Advanced Education OR Riverina-Murray Institute of Higher Education"
ECT,"Charles Sturt University","Bachelor of Education (Early Childhood and Primary)",1420CP,"Any date if enrolled prior to September 2025",National,Australia,"ACECQA assessed and approved this qualification on 26 August 2019."
ECT,"Charles Sturt University","Bachelor of Education (Birth to Five Years)",3409BC,"Any date if enrolled prior to February 2028",National,Australia,"ACECQA reassessed and reapproved this qualification on 31 January 2023."
ECT,"Charles Sturt University","Bachelor of Education (Early Childhood and Primary)",1426CP,"Any date if enrolled prior to May 2031",National,Australia,"ACECQA reassessed and reapproved this qualification on 6 May 2026."
Diploma,"Charlton Brown Nanny College","Diploma of Early Childhood Education",,"Any date before 1 January 2017",National,Australia,
Diploma,"Chestnut Hill College, Philadelphia","Bachelor of Social Science (Early Childhood Education major)",,"Any date before 1 January 2012",Queensland,"United States of America","This qualification was previously assessed by the Queensland Government as being the equivalent to a Diploma qualification. Individuals seeking to work outside Queensland (or graduated after 1 January 2012) may still be eligible for recognition as a qualified educator if they apply to ACECQA for an assessment of equivalence."
ECT,"Chisholm Institute of Technology","Bachelor of Education (Early Childhood)",,"Any date if enrolled prior to 1 January 2012",National,Australia,
ECT,"Chisholm Institute of Technology","Diploma of Teaching (Early Childhood Education)",,"Any date if enrolled prior to 1 January 2012",National,Australia,
Diploma,"Christchurch College of Education","Bachelor of Teaching and Learning (Early Childhood)",,"Any date before 1 January 2012",Queensland,"New Zealand","This qualification was previously assessed by the Queensland Government as being the equivalent to a Diploma qualification. Individuals seeking to work outside Queensland (or graduated after 1 January 2012) may still be eligible for recognition as a qualified educator if they apply to ACECQA for an assessment of equivalence."
Diploma,"Christchurch College of Education","Diploma of Teaching (Early Childhood Education)",,"Any date before 1 January 2012",Queensland,"New Zealand","This qualification was previously assessed by the Queensland Government as being the equivalent to a Diploma qualification. Individuals seeking to work outside Queensland (or graduated after 1 January 2012) may still be eligible for recognition as a qualified educator if they apply to ACECQA for an assessment of equivalence."
Diploma,"Christchurch College of Education","Diploma of Teaching and Learning (Early Childhood Programmes)",,"Any date before 1 January 2012",Queensland,"New Zealand","This qualification was previously assessed by the Queensland Government as being the equivalent to a Diploma qualification. Individuals seeking to work outside Queensland (or graduated after 1 January 2012) may still be eligible for recognition as a qualified educator if they apply to ACECQA for an assessment of equivalence."
Diploma,"Christchurch College of Education","Graduate Diploma of Teaching and Learning (Early Childhood)",,"Any date before 1 January 2012",Queensland,"New Zealand","This qualification was previously assessed by the Queensland Government as being the equivalent to a Diploma qualification. Individuals seeking to work outside Queensland (or graduated after 1 January 2012) may still be eligible for recognition as a qualified educator if they apply to ACECQA for an assessment of equivalence."
ECT,"Christian Heritage College","Bachelor of Education (Early Childhood)",,"Any date if enrolled prior to 1 January 2017",National,Australia,
Diploma,"Chrysalis Consultancy","Diploma of Teaching (Early Childhood Education)",,"Any date before 1 January 2012",Queensland,"New Zealand","This qualification was previously assessed by the Queensland Government as being the equivalent to a Diploma qualification. Individuals seeking to work outside Queensland (or graduated after 1 January 2012) may still be eligible for recognition as a qualified educator if they apply to ACECQA for an assessment of equivalence."
Diploma,"Chulalongkorn University","Bachelor of Early Childhood Education",,"Any date before 1 January 2012",Queensland,Thailand,"This qualification was previously assessed by the Queensland Government as being the equivalent to a Diploma qualification. Individuals seeking to work outside Queensland (or graduated after 1 January 2012) may still be eligible for recognition as a qualified educator if they apply to ACECQA for an assessment of equivalence."
Diploma,"Chulalongkorn University","Master of Education in Early Childhood Education",,"Any date before 1 January 2012",Queensland,Thailand,"This qualification was previously assessed by the Queensland Government as being the equivalent to a Diploma qualification. Individuals seeking to work outside Queensland (or graduated after 1 January 2012) may still be eligible for recognition as a qualified educator if they apply to ACECQA for an assessment of equivalence."
Diploma,"Chung Hwa College of Medical Technology","Junior College Program-Early Childhood Caring and Education",,"Any date before 1 January 2012",Queensland,Taiwan,"This qualification was previously assessed by the Queensland Government as being the equivalent to a Diploma qualification. Individuals seeking to work outside Queensland (or graduated after 1 January 2012) may still be eligible for recognition as a qualified educator if they apply to ACECQA for an assessment of equivalence."
ECT,"Churchlands College of Advanced Education","Diploma of Teaching (Early Childhood Education)",,"Any date if enrolled prior to 1 January 2012",National,Australia,"Also known as 'Diploma in Teaching (Early Childhood Education)'"
ECT,"CIHE Australia","Bachelor of Education ((Early Childhood) (Birth to Five))","FOE 070101","Any date if enrolled prior to January 2030",National,Australia,"ACECQA assessed and approved this qualification on 19 December 2024.CIHE Australia is also known as Crown Institute of Higher Education."
ECT,"CIHE Australia","Graduate Diploma in Education ((Early Childhood) (Birth to 5 years old))","GDEEC 0-5","Any date if enrolled prior to May 2030",National,Australia,"ACECQA assessed and approved this qualification on 3 April 2025.CIHE Australia is also known as Crown Institute of Higher Education."
ECT,"CIHE Australia","Master of Teaching ((Early Childhood) (Birth to Five))",MT-ECE,"Any date if enrolled prior to July 2030",National,Australia,"ACECQA assessed and approved this qualification on 4 July 2025.CIHE Australia is also known as Crown Institute of Higher Education."
"Certificate III","City & Guilds","Level 2 NVQ in Children's Care, Learning and Development",100/5512/5,"Any date before 1 January 2012",Queensland,"United Kingdom","This qualification was previously assessed by the Queensland Government as being the equivalent to a Certificate III qualification. Individuals seeking to work outside Queensland (or graduated after 1 January 2012) may still be eligible for recognition as a qualified educator if they apply to ACECQA for an assessment of equivalence."
Diploma,"City & Guilds","Level 3 NVQ in Children's Care, Learning and Development",100/5513/7,"Any date before 1 January 2012",Queensland,"United Kingdom","This qualification was previously assessed by the Queensland Government as being the equivalent to a Diploma qualification. Individuals seeking to work outside Queensland (or graduated after 1 January 2012) may still be eligible for recognition as a qualified educator if they apply to ACECQA for an assessment of equivalence."
Diploma,"City & Guilds","Level 3 NVQ in Early Years Care and Education",Q1050010,"Any date before 1 January 2012",Queensland,"United Kingdom","This qualification was previously assessed by the Queensland Government as being the equivalent to a Diploma qualification. Individuals seeking to work outside Queensland (or graduated after 1 January 2012) may still be eligible for recognition as a qualified educator if they apply to ACECQA for an assessment of equivalence."
ECT,"Coburg Teachers' College","Trained Infant Teachers' Certificate",,"Any date if enrolled prior to 1 January 2012",National,Australia,
Diploma,"Colegio de la Immaculada Concepcion","Bachelor of Elementary Education (with specialisation in Pre-Elementary Education)",,"Any date before 1 January 2012",Queensland,Philippines,"This qualification was previously assessed by the Queensland Government as being the equivalent to a Diploma qualification. Individuals seeking to work outside Queensland (or graduated after 1 January 2012) may still be eligible for recognition as a qualified educator if they apply to ACECQA for an assessment of equivalence."
Diploma,"College of Cape Town","National Certificate (Educare) Levels 4-6",,"Any date before 1 January 2012",Queensland,"South Africa","This qualification was previously assessed by the Queensland Government as being the equivalent to a Diploma qualification. Individuals seeking to work outside Queensland (or graduated after 1 January 2012) may still be eligible for recognition as a qualified educator if they apply to ACECQA for an assessment of equivalence."
Diploma,"Colleges of Advanced Education","Associate Diploma of Child Care",,"Any date before 1 January 2012",National,Australia,
Diploma,"Community College of Aurora","Associate degree of Applied Science Early Childhood Profession",,"Any date before 1 January 2012",Queensland,"United States of America","This qualification was previously assessed by the Queensland Government as being the equivalent to a Diploma qualification. Individuals seeking to work outside Queensland (or graduated after 1 January 2012) may still be eligible for recognition as a qualified educator if they apply to ACECQA for an assessment of equivalence."
Diploma,"Copenhagen Kindergarten Teachers College","Leaving Certificate for Kindergarten Teachers",,"Any date before 1 January 2012",Queensland,Denmark,"This qualification was previously assessed by the Queensland Government as being the equivalent to a Diploma qualification. Individuals seeking to work outside Queensland (or graduated after 1 January 2012) may still be eligible for recognition as a qualified educator if they apply to ACECQA for an assessment of equivalence."
"Certificate III","Council for Awards in Care, Health and Education (CACHE)","Level 2 Certificate in Child Care and Education",500/1886/3,"Any date before 1 January 2012",Queensland,"United Kingdom","This qualification was previously assessed by the Queensland Government as being the equivalent to a Certificate III qualification. Individuals seeking to work outside Queensland (or graduated after 1 January 2012) may still be eligible for recognition as a qualified educator if they apply to ACECQA for an assessment of equivalence."
"Certificate III","Council for Awards in Care, Health and Education (CACHE)","Level 2 Certificate in Child Care and Education",100/0645/X,"Any date before 1 January 2012",Queensland,"United Kingdom","This qualification was previously assessed by the Queensland Government as being the equivalent to a Certificate III qualification. Individuals seeking to work outside Queensland (or graduated after 1 January 2012) may still be eligible for recognition as a qualified educator if they apply to ACECQA for an assessment of equivalence."
"Certificate III","Council for Awards in Care, Health and Education (CACHE)","Level 2 Certificate in Early Years Care and Education (NVQ)",Q1050005,"Any date before 1 January 2012",Queensland,"United Kingdom","This qualification was previously assessed by the Queensland Government as being the equivalent to a Certificate III qualification. Individuals seeking to work outside Queensland (or graduated after 1 January 2012) may still be eligible for recognition as a qualified educator if they apply to ACECQA for an assessment of equivalence."
"Certificate III","Council for Awards in Care, Health and Education (CACHE)","Level 2 Certificate in Pre-school Practice",100/0647/3,"Any date before 1 January 2012",Queensland,"United Kingdom","This qualification was previously assessed by the Queensland Government as being the equivalent to a Certificate III qualification. Individuals seeking to work outside Queensland (or graduated after 1 January 2012) may still be eligible for recognition as a qualified educator if they apply to ACECQA for an assessment of equivalence."
"Certificate III","Council for Awards in Care, Health and Education (CACHE)","Level 2 Certificate in Pre-school Practice",100/5926/X,"Any date before 1 January 2012",Queensland,"United Kingdom","This qualification was previously assessed by the Queensland Government as being the equivalent to a Certificate III qualification. Individuals seeking to work outside Queensland (or graduated after 1 January 2012) may still be eligible for recognition as a qualified educator if they apply to ACECQA for an assessment of equivalence."
Diploma,"Council for Awards in Care, Health and Education (CACHE)","Level 3 Certificate of Professional Development in Work with Children and Young People",100/0644/8,"Any date before 1 January 2012",Queensland,"United Kingdom","This qualification was previously assessed by the Queensland Government as being the equivalent to a Diploma qualification. Individuals seeking to work outside Queensland (or graduated after 1 January 2012) may still be eligible for recognition as a qualified educator if they apply to ACECQA for an assessment of equivalence."
Diploma,"Council for Awards in Care, Health and Education (CACHE)","Level 3 Diploma in Child Care and Education",100/0649/7,"Any date before 1 January 2012",Queensland,"United Kingdom","This qualification was previously assessed by the Queensland Government as being the equivalent to a Diploma qualification."
Diploma,"Council for Awards in Care, Health and Education (CACHE)","Level 3 Diploma in Pre-school Practice",100/0648/5,"Any date before 1 January 2012",Queensland,"United Kingdom","This qualification was previously assessed by the Queensland Government as being the equivalent to a Diploma qualification. Individuals seeking to work outside Queensland (or graduated after 1 January 2012) may still be eligible for recognition as a qualified educator if they apply to ACECQA for an assessment of equivalence."
Diploma,"Council for Awards in Care, Health and Education (CACHE)","Level 3 NVQ in Child Care and Education:Group Care and Education",Q1011074,"Any date before 1 January 2012",Queensland,"United Kingdom","This qualification was previously assessed by the Queensland Government as being the equivalent to a Diploma qualification. Individuals seeking to work outside Queensland (or graduated after 1 January 2012) may still be eligible for recognition as a qualified educator if they apply to ACECQA for an assessment of equivalence."
Diploma,"Council for Awards in Care, Health and Education (CACHE)","Level 3 NVQ in Children's Care, Learning and Development",100/5516/2,"Any date before 1 January 2012",Queensland,"United Kingdom","This qualification was previously assessed by the Queensland Government as being the equivalent to a Diploma qualification. Individuals seeking to work outside Queensland (or graduated after 1 January 2012) may still be eligible for recognition as a qualified educator if they apply to ACECQA for an assessment of equivalence."
Diploma,"Council for Awards in Care, Health and Education (CACHE)","Level 3 NVQ in Early Years Care and Education",Q1050006,"Any date before 1 January 2012",Queensland,"United Kingdom","This qualification was previously assessed by the Queensland Government as being the equivalent to a Diploma qualification. Individuals seeking to work outside Queensland (or graduated after 1 January 2012) may still be eligible for recognition as a qualified educator if they apply to ACECQA for an assessment of equivalence."
"Certificate III","Council for Awards in Care, Health and Education (CACHE)","Level 3 Diploma in Child Care and Education (VRQ)",500/1901/6,"Any date before July 2019",National,"United Kingdom","Qualifications issued from November 2007. ACECQA assessed and approved this qualification on 1 July 2014."
"Certificate III","Council for Awards in Care, Health and Education (CACHE)","Level 3 Diploma in Child Care and Education (Northern Ireland) (VRQ)",601/3242/5,"Any date before July 2019",National,"United Kingdom","Qualifications issued from May 2014. ACECQA assessed and approved this qualification on 1 July 2014."
"Certificate III","Council for Awards in Care, Health and Education (CACHE)","Level 3 Diploma in Child Care and Education",100/0649/7,"Any date",National,"United Kingdom","Qualifications issued from September 2000 to October 2010. ACECQA assessed and approved this qualification on 4 May 2015."
"Certificate III","Council for Awards in Care, Health and Education (CACHE)","NCFE CACHE Level 3 Diploma in Early Years Education and Care (Early Years Educator)",601/2147/6,"Any date prior to June 2023",National,"United Kingdom","ACECQA assessed and approved this qualification on 28 May 2018."
Diploma,CQUniversity,"Associate Degree of Learning Management",,"Any date before 1 January 2012",National,Australia,"CQUniversity was formerly known by a different name: University of Central Queensland OR Central Queensland University OR Queensland Institute of Technology (Capricornia)."
ECT,CQUniversity,"Bachelor of Education - Early Childhood Studies (In-service)",,"Any date if enrolled prior to 1 January 2012",National,Australia,"CQUniversity was formerly known by a different name: University of Central Queensland OR Central Queensland University OR Queensland Institute of Technology (Capricornia)."
ECT,CQUniversity,"Bachelor of Education - Early Childhood Studies (Pre-service)",,"Any date if enrolled prior to 1 January 2012",National,Australia,"CQUniversity was formerly known by a different name: University of Central Queensland OR Central Queensland University OR Queensland Institute of Technology (Capricornia)."
ECT,CQUniversity,"Bachelor of Education (Early Childhood Studies)",,"Any date if enrolled prior to 1 January 2012",National,Australia,"CQUniversity was formerly known by a different name: University of Central Queensland OR Central Queensland University OR Queensland Institute of Technology (Capricornia)."
ECT,CQUniversity,"Bachelor of Education (Early Childhood)",,"Any date if enrolled prior to October 2018",National,Australia,"ACECQA assessed and approved this program on 26 September 2013. CQUniversity was formerly known by a different name: University of Central Queensland OR Central Queensland University OR Queensland Institute of Technology (Capricornia)."
ECT,CQUniversity,"Bachelor of Education (Primary) with major in Early Childhood",,"Any date if enrolled prior to 1 January 2012",National,Australia,"CQUniversity was formerly known by a different name: University of Central Queensland OR Central Queensland University OR Queensland Institute of Technology (Capricornia)."
ECT,CQUniversity,"Bachelor of Learning Design - 3 year exit point from Bachelor of Learning Management (Early Childhood)",,"Any date if enrolled prior to 1 January 2012",National,Australia,"Transcript must show that the program was completed with early childhood specialisation. CQUniversity was formerly known by a different name: University of Central Queensland OR Central Queensland University OR Queensland Institute of Technology (Capricornia)."
ECT,CQUniversity,"Bachelor of Learning Management (Early Childhood Education)",CU78,"Any date if enrolled prior to 1 January 2017",National,Australia,"CQUniversity was formerly known by a different name: University of Central Queensland OR Central Queensland University OR Queensland Institute of Technology (Capricornia)."
ECT,CQUniversity,"Bachelor of Teaching (Early Childhood Studies)",,"Any date if enrolled prior to 1 January 2012",National,Australia,"CQUniversity was formerly known by a different name: University of Central Queensland OR Central Queensland University OR Queensland Institute of Technology (Capricornia)."
ECT,CQUniversity,"Bachelor of Teaching with major specialisation in Early Childhood Education",,"Any date if enrolled prior to 1 January 2012",National,Australia,"CQUniversity was formerly known by a different name: University of Central Queensland OR Central Queensland University OR Queensland Institute of Technology (Capricornia)."
ECT,CQUniversity,"Diploma of Teaching with major specialisation in Early Childhood Education",,"Any date if enrolled prior to 1 January 2012",National,Australia,"CQUniversity was formerly known by a different name: University of Central Queensland OR Central Queensland University OR Queensland Institute of Technology (Capricornia)."
ECT,CQUniversity,"Graduate Certificate in Education (Early Childhood)",CB92,"Any date if enrolled prior to August 2018",National,Australia,"ACECQA assessed and approved this qualification on 2 August 2013. CQUniversity was formerly known by a different name: University of Central Queensland OR Central Queensland University OR Queensland Institute of Technology (Capricornia)."
ECT,CQUniversity,"Graduate Diploma of Learning Management (Early Childhood)",,"Any date if enrolled prior to 1 January 2012",National,Australia,"CQUniversity was formerly known by a different name: University of Central Queensland OR Central Queensland University OR Queensland Institute of Technology (Capricornia)."
ECT,CQUniversity,"Master of Education (Early Childhood)",CB93,"Any date if enrolled prior to April 2018",National,Australia,"ACECQA assessed and approved this qualification on 5 April 2013. CQUniversity was formerly known by a different name: University of Central Queensland OR Central Queensland University OR Queensland Institute of Technology (Capricornia)."
ECT,CQUniversity,"Bachelor of Education (Early Childhood)",CC14,"Any date if enrolled prior to December 2023",National,Australia,"ACECQA assessed and approved this qualification 18 December 2018. CQUniversity was formerly known by a different name: University of Central Queensland OR Central Queensland University OR Queensland Institute of Technology (Capricornia)."
ECT,CQUniversity,"Bachelor of Education (Early Childhood)",,"Any date if enrolled prior to 1 January 2012",National,Australia,"CQUniversity was formerly known by a different name: University of Central Queensland OR Central Queensland University OR Queensland Institute of Technology (Capricornia)."
ECT,CQUniversity,"Bachelor of Teaching (Early Childhood)",CC21,"Any date if enrolled prior to March 2030",National,Australia,"ACECQA reassessed and reapproved this qualification on 4 February 2025. CQUniversity was formerly known by a different name: University of Central Queensland OR Central Queensland University OR Queensland Institute of Technology (Capricornia)."
ECT,CQUniversity,"Master of Teaching (Early Childhood)","CC45, CM43","Any date if enrolled prior to February 2027",National,Australia,"ACECQA assessed and approved this qualification 4 February 2022. CQUniversity was formerly known by a different name: University of Central Queensland OR Central Queensland University OR Queensland Institute of Technology (Capricornia)."
ECT,CQUniversity,"Bachelor of Education (Early Childhood)",CC14,"Any date if enrolled prior to December 2028",National,Australia,"ACECQA reassessed and approved this qualification 21 November 2023. CQUniversity was formerly known by a different name: University of Central Queensland OR Central Queensland University OR Queensland Institute of Technology (Capricornia)."
ECT,CQUniversity,"Graduate Diploma of Early Childhood Education and Care",CM79,"Any date if enrolled prior to March 2030",National,Australia,"ACECQA assessed and approved this qualification on 4 February 2025. CQUniversity was formerly known by a different name: University of Central Queensland OR Central Queensland University OR Queensland Institute of Technology (Capricornia)."
Diploma,"Creative Learning Environments Inc","Diploma of Teaching (Early Childhood Education)",,"Any date before 1 January 2012",Queensland,"New Zealand","This qualification was previously assessed by the Queensland Government as being the equivalent to a Diploma qualification. Individuals seeking to work outside Queensland (or graduated after 1 January 2012) may still be eligible for recognition as a qualified educator if they apply to ACECQA for an assessment of equivalence."
ECT,"Curtin University","Bachelor of Arts (Early Education)",314053,"Any date if enrolled prior to 1 January 2012",National,Australia,"Also known as Bachelor of Arts (Education) Early Childhood - course code 160110."
ECT,"Curtin University","Bachelor of Education (Conversion)",160599,"Any date if enrolled prior to 1 January 2017",National,Australia,"Academic transcript must demonstrate electives chosen have a focus on early childhood."
ECT,"Curtin University","Bachelor of Education (Early Childhood Conversion) for Aboriginal Indigenous Education Officers (BECC)",,"Any date if enrolled prior to 1 January 2012",National,Australia,"Curtin University was formerly known by a different name: West Australian Institute of Technology"
ECT,"Curtin University","Bachelor of Education (Early Childhood Education)","301381 / 312821 / 314202 / B-EDEC / OB-EDEC / OU-EDEC / OB-EDEC1 / OU-EDEC1","Any date if enrolled prior to July 2022",National,Australia,"ACECQA reassessed and reapproved this qualification on 10 November 2016."
ECT,"Curtin University","Diploma of Kindergarten Teaching (K-3)",,"Any date if enrolled prior to 1 January 2012",National,Australia,"Curtin University was formerly known by a different name: West Australian Institute of Technology"
ECT,"Curtin University","Diploma of Teaching (K-3 and 0-8)",,"Any date if enrolled prior to 1 January 2012",National,Australia,"Curtin University was formerly known by a different name: West Australian Institute of Technology"
ECT,"Curtin University","Master of Education","311992 / 310319 / MC-EDUC","Any date if enrolled prior to 1 January 2017",National,Australia,"Curtin University was formerly known by a different name: West Australian Institute of Technology"
ECT,"Curtin University","Master of Teaching (Early Childhood Education)","MJRP-TCHEC / MC-TEACH / OM-TEACH1 / OUMP-TCHEC / OW-TEACH1 / OUMP-TCHEC","Any date if enrolled prior to April 2023",National,Australia,"ACECQA assessed and approved this qualification on 11 November 2016."
ECT,"Curtin University","Bachelor of Education (Early Childhood Education)","B-EDEC / OB-EDEC / OU-EDEC","Any date if enrolled prior to December 2027",National,Australia,"ACECQA reassessed and approved this qualification on 21 November 2022."
ECT,"Curtin University","Master of Teaching (Early Childhood Education)","OM-TEACH1 / MC-TEACH /  OW-TEACH1","Any date if enrolled prior to January 2028",National,Australia,"ACECQA reassessed and approved this qualification on 16 December 2022."
Diploma,"D-TAC Pty Ltd","Diploma of Children's Services (Home-based/Family Day Care)",,"Any date before 1 January 2017",National,Australia,
ECT,"Darling Downs Institute of Advanced Education","Diploma of Teaching (Primary) with major specialisation in Early Childhood Education",,"Any date if enrolled prior to 1 January 2012",National,Australia,
ECT,"Darwin Institute of Technology","Diploma of Teaching (Early Childhood Education)",,"Any date if enrolled prior to 1 January 2012",National,Australia,
ECT,"Darwin Institute of Technology","Diploma of Teaching (Early Childhood)",,"Any date if enrolled prior to 1 January 2012",National,Australia,
Diploma,"De La Salle University","Bachelor of Elementary Education (Early Childhood Education)",,"Any date before 1 January 2012",Queensland,Philippines,"This qualification was previously assessed by the Queensland Government as being the equivalent to a Diploma qualification. Individuals seeking to work outside Queensland (or graduated after 1 January 2012) may still be eligible for recognition as a qualified educator if they apply to ACECQA for an assessment of equivalence."
ECT,"De Lissa institute of Early Childhood and Family Studies","Bachelor of Early Childhood Education (In-service)",,"Any date if enrolled prior to 1 January 2012",National,Australia,
ECT,"De Lissa institute of Early Childhood and Family Studies","Bachelor of Education (Early Childhood)",,"Any date if enrolled prior to 1 January 2012",National,Australia,
ECT,"De Lissa institute of Early Childhood and Family Studies","Diploma of Teaching (Early Childhood Education)",,"Any date if enrolled prior to 1 January 2012",National,Australia,
ECT,"Deakin University","Bachelor of Early Childhood Education","E330 / E420","Any date if enrolled prior to May 2018",National,Australia,"ACECQA reassessed and reapproved this qualification on 14 May 2013. The transcript for the Bachelor of Early Childhood Education may also have the course codes E330CR, E330 DA, E30RO, E330WE, E330T."
ECT,"Deakin University","Bachelor of Early Childhood Education (Honours)","E430 / E421","Any date if enrolled prior to May 2018",National,Australia,"ACECQA reassessed and reapproved this qualification on 14 May 2013."
Diploma,"Deakin University","Bachelor of Early Childhood Studies",,"Any date before December 2017",National,Australia,"ACECQA assessed and approved this program on 30 November 2012"
ECT,"Deakin University","Graduate Diploma of Teaching",E663,"Any date if enrolled prior to 1 January 2017",National,Australia,"Transcript must show that the program was completed in the early childhood stream"
ECT,"Deakin University","Master of Teaching (Primary and Early Childhood)","E764 / E760PE","Any date if enrolled prior to March 2021",National,Australia,"ACECQA reassessed and reapproved this program on 6 July 2015."
ECT,"Deakin University","Master of Teaching (Early Childhood)","E761 / E760E","Any date if enrolled prior to March 2021",National,Australia,"ACECQA reassessed and reapproved this program on 6 July 2015."
ECT,"Deakin University","Bachelor of Education (Early Years)",E330,"Any date if enrolled prior to May 2022",National,Australia,"ACECQA assessed and approved this program on 10 November 2016. The transcript for the Bachelor of Education (Early Years) may also have the course codes E330CR, E330 DA, E30RO, E330WE, E330T."
ECT,"Deakin University","Master of Teaching",E760,"Any date if enrolled prior to 1 Jan 2017",National,Australia,"Transcript must show evidence of completing the early childhood specialisation."
ECT,"Deakin University","Bachelor of Early Childhood Education",E333,"Any date if enrolled prior to February 2026",National,Australia,"ACECQA assessed and approved this qualification on 19 February 2021."
ECT,"Deakin University","Master of Teaching (Early Childhood)",E761,"Any date if enrolled prior to April 2027",National,Australia,"ACECQA reassessed and reapproved this qualification on 18 March 2022."
ECT,"Deakin University","Master of Teaching (Primary and Early Childhood)",E764,"Any date if enrolled prior to April 2027",National,Australia,"ACECQA reassessed and reapproved this qualification on 18 March 2022."
ECT,"Deakin University","Bachelor of Early Childhood and Primary Education",E334,"Any date if enrolled prior to April 2026",National,Australia,"ACECQA assessed and approved this qualification on 8 March 2021"
ECT,"Deakin University","Master of Teaching (Early Childhood)",E761,"Any date if enrolled prior to January 2029",National,Australia,"ACECQA reassessed and reapproved this qualification on 20 December 2023."
ECT,"Deakin University","Graduate Diploma of Early Childhood Education",E661,"Any date if enrolled prior to January 2029",National,Australia,"ACECQA assessed and approved this qualification on 20 December 2023."
ECT,"Deakin University","Bachelor of Early Childhood Education",E333,"Any date if enrolled prior to August 2030",National,Australia,"ACECQA reassessed and reapproved this qualification on 19 August 2025."
"Anaphylaxis Management only","Department of Education Western Australia","Course in Anaphylaxis Management in Western Australian Education and Care Services",,"Any date",National,Australia,"ACECQA assessed and approved this program on 2 May 2014. This qualification only satisfies the requirements for anaphylaxis management training."
Diploma,"Department of Education, Arts and Science South Africa","National Teachers Diploma (Nursery Education)",,"Any date before 1 January 2012",Queensland,"South Africa","This qualification was previously assessed by the Queensland Government as being the equivalent to a Diploma qualification. Individuals seeking to work outside Queensland (or graduated after 1 January 2012) may still be eligible for recognition as a qualified educator if they apply to ACECQA for an assessment of equivalence."
Diploma,"Department of Industrial Relations, Vocational Education & Training (Tasmania)","Associate Diploma of Social Science (Child Care)",,"Any date before 1 January 2017",National,Australia,
Diploma,"Diakonie-Kolleg Hannover, Schools of Social Work and Health","State Recognised Youth/Child Care Worker",,"Any date before 1 January 2012",Queensland,Germany,"This qualification was previously assessed by the Queensland Government as being the equivalent to a Diploma qualification. Individuals seeking to work outside Queensland (or graduated after 1 January 2012) may still be eligible for recognition as a qualified educator if they apply to ACECQA for an assessment of equivalence."
Diploma,"Dunedin College of Education","Bachelor of Education (Teaching) Early Childhood Education",,"Any date before 1 January 2012",Queensland,"New Zealand","This qualification was previously assessed by the Queensland Government as being the equivalent to a Diploma qualification. Individuals seeking to work outside Queensland (or graduated after 1 January 2012) may still be eligible for recognition as a qualified educator if they apply to ACECQA for an assessment of equivalence."
Diploma,"Dunedin College of Education","Bachelor of Education in Teaching 0-8 years (Early Childhood Education to Primary years 1-3)",,"Any date before 1 January 2012",Queensland,"New Zealand","This qualification was previously assessed by the Queensland Government as being the equivalent to a Diploma qualification. Individuals seeking to work outside Queensland (or graduated after 1 January 2012) may still be eligible for recognition as a qualified educator if they apply to ACECQA for an assessment of equivalence."
Diploma,"Dunedin College of Education","Diploma of Teaching (Early Childhood Education)",,"Any date before 1 January 2012",Queensland,"New Zealand","This qualification was previously assessed by the Queensland Government as being the equivalent to a Diploma qualification. Individuals seeking to work outside Queensland (or graduated after 1 January 2012) may still be eligible for recognition as a qualified educator if they apply to ACECQA for an assessment of equivalence."
Diploma,"East China Normal University","Bachelor of Education (Preschool Education)",,"Any date before 1 January 2012",Queensland,China,"This qualification was previously assessed by the Queensland Government as being the equivalent to a Diploma qualification. Individuals seeking to work outside Queensland (or graduated after 1 January 2012) may still be eligible for recognition as a qualified educator if they apply to ACECQA for an assessment of equivalence."
Diploma,"East China Normal University","Bachelors Degree in Education majoring in Preschool Education",,"Any date before 1 January 2012",Queensland,China,"This qualification was previously assessed by the Queensland Government as being the equivalent to a Diploma qualification. Individuals seeking to work outside Queensland (or graduated after 1 January 2012) may still be eligible for recognition as a qualified educator if they apply to ACECQA for an assessment of equivalence."
Diploma,"Eastern Institute of Technology","Diploma of Teaching (Early Childhood Education)",,"Any date before 1 January 2012",Queensland,"New Zealand","This qualification was previously assessed by the Queensland Government as being the equivalent to a Diploma qualification. Individuals seeking to work outside Queensland (or graduated after 1 January 2012) may still be eligible for recognition as a qualified educator if they apply to ACECQA for an assessment of equivalence."
Diploma,Edexcel,"BTEC Higher National Diploma in Early Childhood Studies",,"Any date before 1 January 2012",Queensland,"United Kingdom","This qualification was previously assessed by the Queensland Government as being the equivalent to a Diploma qualification. Individuals seeking to work outside Queensland (or graduated after 1 January 2012) may still be eligible for recognition as a qualified educator if they apply to ACECQA for an assessment of equivalence."
Diploma,Edexcel,"BTEC National Certificate in Childhood Studies (Nursery Nursing)",,"Any date before 1 January 2012",Queensland,"United Kingdom","This qualification was previously assessed by the Queensland Government as being the equivalent to a Diploma qualification. Individuals seeking to work outside Queensland (or graduated after 1 January 2012) may still be eligible for recognition as a qualified educator if they apply to ACECQA for an assessment of equivalence."
Diploma,Edexcel,"BTEC National Diploma in Childhood Studies (Nursery Nursing)",,"Any date before 1 January 2012",Queensland,"United Kingdom","This qualification was previously assessed by the Queensland Government as being the equivalent to a Diploma qualification. Individuals seeking to work outside Queensland (or graduated after 1 January 2012) may still be eligible for recognition as a qualified educator if they apply to ACECQA for an assessment of equivalence."
Diploma,Edexcel,"Level 3 BTEC National Certificate in Early Years",100/1280/1,"Any date before 1 January 2012",Queensland,"United Kingdom","This qualification was previously assessed by the Queensland Government as being the equivalent to a Diploma qualification. Individuals seeking to work outside Queensland (or graduated after 1 January 2012) may still be eligible for recognition as a qualified educator if they apply to ACECQA for an assessment of equivalence."
Diploma,Edexcel,"Level 3 BTEC National Diploma in Early Years",,"Any date before 1 January 2012",Queensland,"United Kingdom","This qualification was previously assessed by the Queensland Government as being the equivalent to a Diploma qualification. Individuals seeking to work outside Queensland (or graduated after 1 January 2012) may still be eligible for recognition as a qualified educator if they apply to ACECQA for an assessment of equivalence."
Diploma,Edexcel,"Level 3 NVQ in Children's Care, Learning and Development",100/5519/8,"Any date before 1 January 2012",Queensland,"United Kingdom","This qualification was previously assessed by the Queensland Government as being the equivalent to a Diploma qualification. Individuals seeking to work outside Queensland (or graduated after 1 January 2012) may still be eligible for recognition as a qualified educator if they apply to ACECQA for an assessment of equivalence."
Diploma,Edexcel,"Level 3 NVQ in Early Years Care and Education",Q1050012,"Any date before 1 January 2012",Queensland,"United Kingdom","This qualification was previously assessed by the Queensland Government as being the equivalent to a Diploma qualification. Individuals seeking to work outside Queensland (or graduated after 1 January 2012) may still be eligible for recognition as a qualified educator if they apply to ACECQA for an assessment of equivalence."
Diploma,Edexcel,"BTEC National Diploma in Caring Services (Nursery Nursing)",,"Any date before 1 January 2012",Queensland,"United Kingdom","This qualification was previously assessed by the Queensland Government as being the equivalent to a Diploma qualification. Individuals seeking to work outside Queensland (or graduated after 1 January 2012) may still be eligible for recognition as a qualified educator if they apply to ACECQA for an assessment of equivalence."
Diploma,"Edith Cowan University","Associate Degree of Social Science (Children and Family Studies)",,"Any date before 1 January 2012",National,Australia,"Edith Cowan University was formerly known by a different name: Western Australian College of Advanced Education OR Churchlands Teachers College OR Churchlands College OR Claremont Teachers College OR Graylands Teachers College"
ECT,"Edith Cowan University","Bachelor of Arts (Childhood and Family Education)",,"Any date if enrolled prior to 1 January 2012",National,Australia,"Edith Cowan University was formerly known by a different name: Western Australian College of Advanced Education OR Churchlands Teachers College OR Churchlands College OR Claremont Teachers College OR Graylands Teachers College"
ECT,"Edith Cowan University","Bachelor of Arts (Early Childhood Education)",,"Any date if enrolled prior to 1 January 2012",National,Australia,"Also known as Bachelor of Arts (Education) with specialisation in Early Childhood Education, or Bachelor of Arts in Education (Early Childhood Education). Edith Cowan University was formerly known by a different name: Western Australian College of Advanced Education OR Churchlands Teachers College OR Churchlands College OR Claremont Teachers College OR Graylands Teachers College"
Diploma,"Edith Cowan University","Bachelor of Arts (Psychology, Children and Family Studies)",,"Any date before 1 January 2017",National,Australia,"Edith Cowan University was formerly known by a different name: Western Australian College of Advanced Education OR Churchlands Teachers College OR Churchlands College OR Claremont Teachers College OR Graylands Teachers College"
ECT,"Edith Cowan University","Bachelor of Education (Early Childhood Education)",,"Any date if enrolled prior to 1 January 2017",National,Australia,"Edith Cowan University was formerly known by a different name: Western Australian College of Advanced Education OR Churchlands Teachers College OR Churchlands College OR Claremont Teachers College OR Graylands Teachers College"
ECT,"Edith Cowan University","Bachelor of Education (Early Childhood Studies)",Y42,"Any date if enrolled prior to October 2021",National,Australia,"ACECQA reassessed and reapproved this program on 6 September 2016."
ECT,"Edith Cowan University","Bachelor of Education (Early Childhood Studies)",Y42,"Any date if enrolled prior to August 2026",National,Australia,"ACECQA assessed and approved this qualification on 22 July 2021."
ECT,"Edith Cowan University","Bachelor of Education (Early Childhood Studies)",Y42,"Any date if enrolled prior to May 2031",National,Australia,"ACECQA reassessed and reapproved this qualification on 6 May 2026."
ECT,"Edith Cowan University","Bachelor of Education (Early Childhood)",,"Any date if enrolled prior to 1 January 2012",National,Australia,"Edith Cowan University was formerly known by a different name: Western Australian College of Advanced Education OR Churchlands Teachers College OR Churchlands College OR Claremont Teachers College OR Graylands Teachers College"
ECT,"Edith Cowan University","Bachelor of Education (Kindergarten through Primary)","B88 / K39 / EJKPC / EJKPF","Any date if enrolled prior to 1 January 2017",National,Australia,
ECT,"Edith Cowan University","Bachelor of Education (Conversion)",206,"Any date if enrolled prior to 1 January 2012",National,Australia,"One year conversion course for students holding a three year Diploma of Teaching or Bachelor of Arts (Education). The last intake of students was in 2011."
ECT,"Edith Cowan University","Bachelor of Education (Special Needs) pathway Bachelor of Education (Early Childhood Studies)",,"Any date if enrolled prior to 1 January 2017",National,Australia,"Edith Cowan University was formerly known by a different name: Western Australian College of Advanced Education OR Churchlands Teachers College OR Churchlands College OR Claremont Teachers College OR Graylands Teachers College"
ECT,"Edith Cowan University","Bachelor of Social Science (Children and Family Studies)",,"Any date if enrolled prior to 1 January 2017",National,Australia,"Edith Cowan University was formerly known by a different name: Western Australian College of Advanced Education OR Churchlands Teachers College OR Churchlands College OR Claremont Teachers College OR Graylands Teachers College"
ECT,"Edith Cowan University","Bachelor of Social Science (Children's Studies)",,"Any date if enrolled prior to 1 January 2012",National,Australia,"Edith Cowan University was formerly known by a different name: Western Australian College of Advanced Education OR Churchlands Teachers College OR Churchlands College OR Claremont Teachers College OR Graylands Teachers College"
Diploma,"Edith Cowan University","Bachelor of Social Science (Major or Minor in Children and Family Studies)",,"Any date before 1 January 2017",National,Australia,"Edith Cowan University was formerly known by a different name: Western Australian College of Advanced Education OR Churchlands Teachers College OR Churchlands College OR Claremont Teachers College OR Graylands Teachers College"
ECT,"Edith Cowan University","Diploma in Children's Services Management (1995)",,"Any date if enrolled prior to 1 January 2012",National,Australia,"Edith Cowan University was formerly known by a different name: Western Australian College of Advanced Education OR Churchlands Teachers College OR Churchlands College OR Claremont Teachers College OR Graylands Teachers College"
ECT,"Edith Cowan University","Graduate Certificate of Education (Early Childhood Education Studies)",,"Any date if enrolled prior to 1 January 2012",National,Australia,"Edith Cowan University was formerly known by a different name: Western Australian College of Advanced Education OR Churchlands Teachers College OR Churchlands College OR Claremont Teachers College OR Graylands Teachers College"
Diploma,"Edith Cowan University","Graduate Diploma in Social Science (Children and Family Studies)",,"Any date before 1 January 2017",National,Australia,"Edith Cowan University was formerly known by a different name: Western Australian College of Advanced Education OR Churchlands Teachers College OR Churchlands College OR Claremont Teachers College OR Graylands Teachers College"
ECT,"Edith Cowan University","Graduate Diploma of Education (Early Childhood Studies)",,"Any date if enrolled prior to 1 January 2017",National,Australia,"Edith Cowan University was formerly known by a different name: Western Australian College of Advanced Education OR Churchlands Teachers College OR Churchlands College OR Claremont Teachers College OR Graylands Teachers College"
ECT,"Edith Cowan University","Graduate Diploma of Social Science (Children and Family Studies)",,"Any date if enrolled prior to 1 January 2012",National,Australia,"Edith Cowan University was formerly known by a different name: Western Australian College of Advanced Education OR Churchlands Teachers College OR Churchlands College OR Claremont Teachers College OR Graylands Teachers College"
"Certificate III","Edith Cowan University","Teacher Assistant Certificate",,"Any date before 1 January 2012",National,Australia,"This qualification is recognised as equivalent to a diploma under the WA regulations Edith Cowan University was formerly known by a different name: Western Australian College of Advanced Education OR Churchlands Teachers College OR Churchlands College OR Claremont Teachers College OR Graylands Teachers College"
"Certificate III","Edith Cowan University","University Diploma for Teacher Assistants",,"Any date before 1 January 2012",National,Australia,"Edith Cowan University was formerly known by a different name: Western Australian College of Advanced Education OR Churchlands Teachers College OR Churchlands College OR Claremont Teachers College OR Graylands Teachers College"
"Certificate III","Edith Cowan University","University Preparation Course (Education Assistant Program)",C20,"Any date before 1 January 2012",National,Australia,"Edith Cowan University was formerly known by a different name: Western Australian College of Advanced Education OR Churchlands Teachers College OR Churchlands College OR Claremont Teachers College OR Graylands Teachers College"
"Certificate III","Edith Cowan University","University Preparation Course (Education Assistant: Special Needs)",C27,"Any date before 1 January 2012",National,Australia,"Edith Cowan University was formerly known by a different name: Western Australian College of Advanced Education OR Churchlands Teachers College OR Churchlands College OR Claremont Teachers College OR Graylands Teachers College"
ECT,"Edith Cowan University","Bachelor of Arts (Early Childhood Studies)",,"Any date if enrolled prior to 1 January 2012",National,Australia,"Also known as Bachelor of Arts (Education) with specialisation in Early Childhood Studies, or Bachelor of Arts in Education (Early Childhood Studies). Edith Cowan University was formerly known by a different name: Western Australian College of Advanced Education OR Churchlands Teachers College OR Churchlands College OR Claremont Teachers College OR Graylands Teachers College"
"Certificate III","Edith Cowan University","Certificate of Early Childhood Training",,"Any date if enrolled prior to 1 January 2012",National,Australia,"Edith Cowan University was formerly known by a different name: Western Australian College of Advanced Education OR Churchlands Teachers College OR Churchlands College OR Claremont Teachers College OR Graylands Teachers College"
ECT,"Edith Cowan University","Graduate Certificate of Education (Early Childhood Studies)",S74,"Any date if enrolled prior to November 2021",National,Australia,"ACECQA reassessed and reapproved this qualification on 7 November 2016."
ECT,"Edith Cowan University","Graduate Certificate of Education (Early Childhood Studies)",S74,"Any date if enrolled prior to November 2026",National,Australia,"ACECQA reassessed and approved this qualification on 11 October 2021."
ECT,"Edith Cowan University","Master of Teaching (Early Childhood)",I81,"Any date if enrolled prior to January 2023",National,Australia,"ACECQA assessed and approved this qualification on 6 September 2017."
ECT,"Edith Cowan University","Master of Teaching (Early Childhood)",I81,"Any date if enrolled prior to April 2028",National,Australia,"ACECQA reassessed and approved this qualification on 13 October 2022."
ECT,"Edith Cowan University","Bachelor of Arts (Children and Family Education)",E15,"Any date if enrolled prior to 1 January 2012",National,Australia,"Edith Cowan University was formerly known by a different name: Western Australian College of Advanced Education OR Churchlands Teachers College OR Churchlands College OR Claremont Teachers College OR Graylands Teachers College"
ECT,"Edith Cowan University","Graduate Diploma in Early Childhood Teaching",O12,"Any date if enrolled prior to May 2030",National,Australia,"ACECQA assessed and approved this qualification on 3 April 2025. "
ECT,"Edith Cowan University","Graduate Certificate of Education (Early Childhood Studies)",S74,"Any date if enrolled prior to July 2031",National,Australia,"ACECQA reassessed and reapproved this qualification on 10 July 2026."
"Certificate III","Education Unlimited","Certificate IV in Family Day Care",,"Any date before 1 January 2012",National,Australia,
Diploma,"Elly Knapp College","Further Education Course for Childcare Workers",,"Any date before 1 January 2012",Queensland,Germany,"This qualification was previously assessed by the Queensland Government as being the equivalent to a Diploma qualification. Individuals seeking to work outside Queensland (or graduated after 1 January 2012) may still be eligible for recognition as a qualified educator if they apply to ACECQA for an assessment of equivalence."
Diploma,"Embury Institute for Teacher Education","Bachelor of Education (Foundation Phase)",,"Any date before 1 January 2012",Queensland,"South Africa","This qualification was previously assessed by the Queensland Government as being the equivalent to a Diploma qualification. Individuals seeking to work outside Queensland (or graduated after 1 January 2012) may still be eligible for recognition as a qualified educator if they apply to ACECQA for an assessment of equivalence."
Diploma,"Escola De Educadoras Da Infancia, Lisbon","Kindergarten/Pre-School Teachers Diploma",,"Any date before 1 January 2012",Queensland,Portugal,"This qualification was previously assessed by the Queensland Government as being the equivalent to a Diploma qualification. Individuals seeking to work outside Queensland (or graduated after 1 January 2012) may still be eligible for recognition as a qualified educator if they apply to ACECQA for an assessment of equivalence."
"Certificate III","Everest College","Diploma with Honours-Early Childcare Assistant",,"Any date before 1 January 2012",Queensland,Canada,"This qualification was previously assessed by the Queensland Government as being the equivalent to a Certificate III qualification. Individuals seeking to work outside Queensland (or graduated after 1 January 2012) may still be eligible for recognition as a qualified educator if they apply to ACECQA for an assessment of equivalence."
ECT,"Excelsia University College","Bachelor of Early Childhood Education (Birth to 5)",ED41,"Any date if enrolled prior to May 2028",National,Australia,"ACECQA reassessed and reapproved this qualification on 3 April 2023.Excelsia University College was formerly known by a different name: Excelsia College."
Diploma,"Excelsia University College","Diploma of Early Childhood Education and Care",ED01,"Any date before April 2023",National,Australia,"ACECQA assessed and approved this qualification on 15 March 2018.Excelsia University College was formerly known by a different name: Excelsia College."
Diploma,"Excelsia University College","Diploma of Early Childhood Education and Care",ED31,"Any date before May 2028",National,Australia,"ACECQA assessed and approved this qualification on 3 April 2023.Excelsia University College was formerly known by a different name: Excelsia College."
ECT,"Excelsia University College","Graduate Diploma of Early Childhood Teaching (Birth to 5)",ED49,"Any date if enrolled before July 2028",National,Australia,"ACECQA assessed and approved this qualification on 26 June 2023.Excelsia University College was formerly known by a different name: Excelsia College."
ECT,"Excelsia University College","Bachelor of Early Childhood Education (Birth to 5 Years)",ED41,"Any date if enrolled before April 2023",National,Australia,"ACECQA assessed and approved this qualification on 15 March 2018.Excelsia University College was formerly known by a different name: Excelsia College."
Diploma,"Fachhochschule Dartmstadt","Diploma: Graduator Social Educator",,"Any date before 1 January 2012",Queensland,Germany,"This qualification was previously assessed by the Queensland Government as being the equivalent to a Diploma qualification. Individuals seeking to work outside Queensland (or graduated after 1 January 2012) may still be eligible for recognition as a qualified educator if they apply to ACECQA for an assessment of equivalence."
Diploma,"Fanshawe College","Early Childhood Education Diploma",,"Any date before 1 January 2012",Queensland,Canada,"This qualification was previously assessed by the Queensland Government as being the equivalent to a Diploma qualification. Individuals seeking to work outside Queensland (or graduated after 1 January 2012) may still be eligible for recognition as a qualified educator if they apply to ACECQA for an assessment of equivalence."
"Certificate III",FAS,"FETAC Certificate in Child Care 2 (FAS)",,"Any date before 1 January 2012",Queensland,Ireland,"This qualification was previously assessed by the Queensland Government as being the equivalent to a Certificate III qualification. Individuals seeking to work outside Queensland (or graduated after 1 January 2012) may still be eligible for recognition as a qualified educator if they apply to ACECQA for an assessment of equivalence."
Diploma,"Federal University of Parana","Bachelor of Pedagogy (Major in Infancy and Elementary School Teaching",,"Any date before 1 January 2012",Queensland,Brazil,"This qualification was previously assessed by the Queensland Government as being the equivalent to a Diploma qualification. Individuals seeking to work outside Queensland (or graduated after 1 January 2012) may still be eligible for recognition as a qualified educator if they apply to ACECQA for an assessment of equivalence."
ECT,"Federation University","Bachelor of Education (Early Childhood and Primary)",,"Any date if enrolled prior to 1 January 2012",National,Australia,"From 1 January 2014 University of Ballarat became known as Federation University. The University of Ballarat was also formerly known by another name: the School of Mines and Industries."
ECT,"Federation University","Bachelor of Education (Early Childhood)",TS5,"Any date if enrolled prior to 1 January 2017",National,Australia,"From 1 January 2014 University of Ballarat became known as Federation University. The University of Ballarat was also formerly known by another name: the School of Mines and Industries."
ECT,"Federation University","Bachelor of Teaching (Early Childhood Education)",TW5,"Any date if enrolled prior to 1 January 2017",National,Australia,"From 1 January 2014 University of Ballarat became known as Federation University. The University of Ballarat was also formerly known by another name: the School of Mines and Industries."
ECT,"Federation University","Graduate Diploma of Education Studies (Early Childhood)",TD4,"Any date if enrolled prior to 1 January 2017",National,Australia,"Also known as the Post Graduate Diploma of Education Studies (Early Childhood).

From 1 January 2014 University of Ballarat became known as Federation University. The University of Ballarat was also formerly known by another name: the School of Mines and Industries."
ECT,"Federation University","Bachelor of Education (Birth - Year 6)",TG5,"Any date if enrolled prior to December 2019",National,Australia,"ACECQA assessed and approved this program on 11 December 2014.

From 1 January 2014 University of Ballarat became known as Federation University. The University of Ballarat was also formerly known by another name: the School of Mines and Industries."
ECT,"Federation University","Master of Teaching (Early Childhood)",TX9,"Any date if enrolled prior to November 2023",National,Australia,"ACECQA assessed and approved this qualification on 8 October 2018.

From 1 January 2014 University of Ballarat became known as Federation University. The University of Ballarat was also formerly known by another name: the School of Mines and Industries."
ECT,"Federation University","Bachelor of Education (Early Childhood and Primary)",TY5,"Any date if enrolled prior to November 2023",National,Australia,"ACECQA assessed and approved this qualification on 8 October 2018.

From 1 January 2014 University of Ballarat became known as Federation University. The University of Ballarat was also formerly known by another name: the School of Mines and Industries."
ECT,"Federation University","Bachelor of Education (Early Childhood Education)",TU5,"Any date if enrolled prior to November 2025",National,Australia,"ACECQA assessed and approved this qualification on 9 October 2020."
ECT,"Federation University","Bachelor of Education (Early Childhood Education)",TK5,"Any date if enrolled prior to April 2027",National,Australia,"ACECQA assessed and approved this qualification on 18 March 2022."
ECT,"Federation University","Master of Teaching (Early Childhood)",TX9,"Any date if enrolled prior to January 2029",National,Australia,"ACECQA reassessed and approved this qualification on 12 December 2023.

From 1 January 2014 University of Ballarat became known as Federation University. The University of Ballarat was also formerly known by another name: the School of Mines and Industries."
ECT,"Federation University","Bachelor of Education (Early Childhood and Primary)",TY5,"Any date if enrolled prior to January 2029",National,Australia,"ACECQA reassessed and approved this qualification on 12 December 2023"
ECT,"Federation University","Bachelor of Early Childhood Education",UK5,"Any date if enrolled prior to March 2031",National,Australia,"ACECQA assessed and approved this qualification on 30 March 2026."
"Certificate III",FETAC,"National Vocational Certificate (NVCA) Level 2 Childcare",,"Any date before 1 January 2012",Queensland,Ireland,"This qualification was previously assessed by the Queensland Government as being the equivalent to a Certificate III qualification. Individuals seeking to work outside Queensland (or graduated after 1 January 2012) may still be eligible for recognition as a qualified educator if they apply to ACECQA for an assessment of equivalence."
Diploma,"FFK- College for the education of children as an addition to families","Diploma. Day care worker for young children",,"Any date before 1 January 2012",Queensland,Switzerland,"This qualification was previously assessed by the Queensland Government as being the equivalent to a Diploma qualification. Individuals seeking to work outside Queensland (or graduated after 1 January 2012) may still be eligible for recognition as a qualified educator if they apply to ACECQA for an assessment of equivalence."
Diploma,"Fiswerd Christian Academy for Youth Welfare Work, Leeuwarden","Diploma of the Higher Vocational Training Course of Child Care and Education/Higher Vocational Training Course of Youth Welfare Work",,"Any date before 1 January 2012",Queensland,Netherlands,"This qualification was previously assessed by the Queensland Government as being the equivalent to a Diploma qualification. Individuals seeking to work outside Queensland (or graduated after 1 January 2012) may still be eligible for recognition as a qualified educator if they apply to ACECQA for an assessment of equivalence."
ECT,"Flinders University of South Australia","Bachelor of Education (Early Childhood and Special Education)/Bachelor of Disability Studies",BEDECSEBDS,"Any date if enrolled prior to November 2019",National,Australia,"ACECQA assessed and approved this qualification on 8 July 2014."
ECT,"Flinders University of South Australia","Bachelor of Education (Early Childhood) / Bachelor of Arts",214751,"Any date if enrolled prior to January 2022",National,Australia,"ACECQA reassessed and reapproved this qualification on 27 June 2016."
ECT,"Flinders University of South Australia","Master of Teaching (Early Childhood)",2CM088,"Any date if enrolled prior to January 2022",National,Australia,"ACECQA reassessed and reapproved this qualification on 6 September 2016."
ECT,"Flinders University of South Australia","Bachelor of Education (Early Childhood) / Bachelor of Special Education",,"Any date if enrolled prior to December 2024",National,Australia,"ACECQA assessed and approved this qualification on 13 November 2019."
ECT,"Flinders University of South Australia","Bachelor of Early Childhood Education - Birth-8",BECE,"Any date if enrolled prior to December 2026",National,Australia,"ACECQA assessed and approved this qualification on 25 November 2021."
ECT,"Flinders University of South Australia","Bachelor of Inclusive and Specialised Education (Early Childhood)",BISEEC,"Any date if enrolled prior to December 2026",National,Australia,"ACECQA assessed and approved this qualification on 17 November 2021."
ECT,"Flinders University of South Australia","Master of Teaching (Early Childhood)",MTeach(ECh),"Any date if enrolled prior to August 2027",National,Australia,"ACECQA reassessed and approved this qualification on 8 July 2022."
ECT,"Flinders University of South Australia","Master of Teaching (Birth-5)",MTB,"Any date if enrolled prior to January 2029",National,Australia,"ACECQA assessed and approved this qualification on 20 December 2023."
ECT,"Flinders University of South Australia","Graduate Diploma in Early Childhood Education (Birth to 5)",,"Any date if enrolled prior to January 2030",National,Australia,"ACECQA assessed and approved this qualification on 18 December 2024."
ECT,"Flinders University of South Australia","Bachelor of Early Childhood Education (Birth to 5)",BECEB,"Any date if enrolled prior to January 2030",National,Australia,"ACECQA assessed and approved this qualification on 18 December 2024."
ECT,"Flinders University of South Australia","Bachelor of Early Childhood Education (Birth to 8)",BECE,"Any date if enrolled prior to January 2030",National,Australia,"ACECQA assessed and approved this qualification on 18 December 2024."
ECT,"Flinders University of South Australia","Master of Teaching (Early Childhood)",MTEC,"Any date if enrolled prior to December 2030",National,Australia,"ACECQA reassessed and reapproved this qualification on 4 December 2025."
Diploma,"Footscray College of TAFE","Bachelor of Arts (Early Childhood Education)",,"Any date before 1 January 2017",National,Australia,
ECT,"Frankston Teachers' College","Trained Infant Teachers' Certificate",,"Any date if enrolled prior to 1 January 2012",National,Australia,
Diploma,"Fujian Normal University","Bachelor of Pre-School Education",,"Any date before 1 January 2012",Queensland,China,"This qualification was previously assessed by the Queensland Government as being the equivalent to a Diploma qualification. Individuals seeking to work outside Queensland (or graduated after 1 January 2012) may still be eligible for recognition as a qualified educator if they apply to ACECQA for an assessment of equivalence."
"Certificate III","Full-time Vocational School for Childcare Providers","Certificate of Graduation-Certified Childcare Provider",,"Any date before 1 January 2012",Queensland,Germany,"This qualification was previously assessed by the Queensland Government as being the equivalent to a Certificate III qualification. Individuals seeking to work outside Queensland (or graduated after 1 January 2012) may still be eligible for recognition as a qualified educator if they apply to ACECQA for an assessment of equivalence."
ECT,"Geelong Teachers' College","Trained Infant Teachers' Certificate",,"Any date if enrolled prior to 1 January 2012",National,Australia,
"Certificate III","Geldern Episcopal College of Higher Education","Graduation Certificate",,"Any date before 1 January 2012",Queensland,Germany,"This qualification was previously assessed by the Queensland Government as being the equivalent to a Certificate III qualification. Individuals seeking to work outside Queensland (or graduated after 1 January 2012) may still be eligible for recognition as a qualified educator if they apply to ACECQA for an assessment of equivalence."
"Certificate III","General & Further Education & Training Quality Assurance Council","National Seniors Certificate (Educare)",,"Any date before 1 January 2012",Queensland,"South Africa","This qualification was previously assessed by the Queensland Government as being the equivalent to a Certificate III qualification. Individuals seeking to work outside Queensland (or graduated after 1 January 2012) may still be eligible for recognition as a qualified educator if they apply to ACECQA for an assessment of equivalence."
Diploma,"George Brown College of Applied Arts and Technology","Early Childhood Education Diploma",,"Any date before 1 January 2012",Queensland,Canada,"This qualification was previously assessed by the Queensland Government as being the equivalent to a Diploma qualification. Individuals seeking to work outside Queensland (or graduated after 1 January 2012) may still be eligible for recognition as a qualified educator if they apply to ACECQA for an assessment of equivalence."
Diploma,"Georgian College of Applied Arts and Technology","Early Childhood Education Diploma",,"Any date before 1 January 2012",Queensland,Canada,"This qualification was previously assessed by the Queensland Government as being the equivalent to a Diploma qualification. Individuals seeking to work outside Queensland (or graduated after 1 January 2012) may still be eligible for recognition as a qualified educator if they apply to ACECQA for an assessment of equivalence."
"Certificate III","Global Media Education","Diploma in Nursery Teachers Training",,"Any date before 1 January 2012",Queensland,India,"This qualification was previously assessed by the Queensland Government as being the equivalent to a Certificate III qualification. Individuals seeking to work outside Queensland (or graduated after 1 January 2012) may still be eligible for recognition as a qualified educator if they apply to ACECQA for an assessment of equivalence."
Diploma,"Gloucestershire College of Arts and Technology","Bachelor of Arts Honours in Early Childhood Studies, Foundation Degree in Early Years (Foundation)",,"Any date before 1 January 2012",Queensland,"United Kingdom","This qualification was previously assessed by the Queensland Government as being the equivalent to a Diploma qualification. Individuals seeking to work outside Queensland (or graduated after 1 January 2012) may still be eligible for recognition as a qualified educator if they apply to ACECQA for an assessment of equivalence."
Diploma,"Gold Coast College of Business","Associate Diploma of Social Science (Child Care)",,"Any date before 1 January 2017",National,Australia,
Diploma,"Grant MacEwan Community College","Diploma in Early Childhood Development Programme",,"Any date before 1 January 2012",Queensland,Canada,"This qualification was previously assessed by the Queensland Government as being the equivalent to a Diploma qualification. Individuals seeking to work outside Queensland (or graduated after 1 January 2012) may still be eligible for recognition as a qualified educator if they apply to ACECQA for an assessment of equivalence."
ECT,"Griffith University","Bachelor of Arts (3 year exit point from Bachelor of Education-Primary with early childhood specialisation)",,"Any date if enrolled prior to 1 January 2012",National,Australia,
ECT,"Griffith University","Bachelor of Child and Family Studies",1095,"Any date if enrolled prior to 1 January 2017",National,Australia,"Transcript must show individual completed the Early Childhood Education and Care specialisation stream. This may be demonstrated by the individual having received 160 credit points of advanced standing."
ECT,"Griffith University","Bachelor of Child and Family Studies / Bachelor of Education",1244,"Any date if enrolled prior to 1 January 2017",National,Australia,"Transcript must show individual completed the Early Childhood Education and Care specialisation stream."
ECT,"Griffith University","Bachelor of Primary Education","1049 / 1050 / 1060","Any date if enrolled prior to 1 January 2017",National,Australia,"Also known as the Bachelor of Education - Primary. Transcript must show individual completed an Award Major in Early Childhood Education."
ECT,"Griffith University","Bachelor of Education (Early Childhood)",,"Any date if enrolled prior to 1 January 2012",National,Australia,
Diploma,"Griffith University","Bachelor of Human Services (Child and Family Studies)",,"Any date before 1 January 2017",National,Australia,
ECT,"Griffith University","Bachelor of Human Services/Bachelor of Education Primary",,"Any date if enrolled prior to 1 January 2012",National,Australia,
ECT,"Griffith University","Bachelor of Social Science (Child and Family Studies)",,"Any date if enrolled prior to 1 January 2012",National,Australia,
ECT,"Griffith University","Bachelor of Teaching Primary/Preschool",,"Any date if enrolled prior to 1 January 2012",National,Australia,
ECT,"Griffith University","Bachelor of Teaching with specialisation in Early Childhood Education",,"Any date if enrolled prior to 1 January 2012",National,Australia,
ECT,"Griffith University","Graduate Certificate in Childhood Studies",3250,"Any date if enrolled prior to 1 January 2012",National,Australia,
ECT,"Griffith University","Graduate Diploma Child and Family Studies",4057,"Any date if enrolled prior to 1 January 2017",National,Australia,
ECT,"Griffith University","Graduate Diploma of Early Childhood Education","4153 / 4154 / 4156","Any date if enrolled prior to 1 January 2017",National,Australia,
ECT,"Griffith University","Master of Early Childhood Education","5556, 5559","Any date if enrolled prior to 1 January 2017",National,Australia,
ECT,"Griffith University","Master of Human Services (Childhood Studies)",5169,"Any date if enrolled prior to 1 January 2017",National,Australia,
ECT,"Griffith University","Graduate Certificate in Early Childhood Education and Care",3327,"Any date if enrolled prior to December 2019",National,Australia,"ACECQA assessed and approved this program on 11 December 2014."
ECT,"Griffith University","Bachelor of Education (ECE major)",1567,"Any date if enrolled prior to August 2023",National,Australia,"ACECQA assessed and approved this program on 4 September 2018."
ECT,"Griffith University","Graduate Certificate in Early Childhood Education and Care",3327,"Any date if enrolled prior to May 2030",National,Australia,"ACECQA reassessed and reapproved this program on 21 May 2025."
Diploma,"Griffith University","Bachelor of Child, Youth and Family Practice","1637, 1095","Any date if enrolled prior to April 2025",National,Australia,"Also known as Bachelor of Child and Family Studies. ACECQA assessed and approved this program on 29 April 2020. "
ECT,"Griffith University","Bachelor of Education (Early Childhood Education Major)",1567,"Any date if enrolled prior to October 2028",National,Australia,"ACECQA assessed and approved this qualification on 14 September 2023."
ECT,"Griffith University","Graduate Diploma of Early Childhood Education",4212,"Any date if enrolled prior to May 2030",National,Australia,"ACECQA assessed and approved this qualification on 21 May 2025."
"Certificate III","Guangzhu Vocational Senior Middle School","Guangzhu Vocational Senior Middle School Diploma (Preschool Education)",,"Any date before 1 January 2012",Queensland,China,"This qualification was previously assessed by the Queensland Government as being the equivalent to a Certificate III qualification. Individuals seeking to work outside Queensland (or graduated after 1 January 2012) may still be eligible for recognition as a qualified educator if they apply to ACECQA for an assessment of equivalence."
"Certificate III","Gyan Vikas Shikshan and Prashikshan Sansthan, Kanpur","Nursery Teacher's Training and Child Care Education Certificate",,"Any date before 1 January 2012",Queensland,India,"This qualification was previously assessed by the Queensland Government as being the equivalent to a Certificate III qualification. Individuals seeking to work outside Queensland (or graduated after 1 January 2012) may still be eligible for recognition as a qualified educator if they apply to ACECQA for an assessment of equivalence."
"Certificate III","Hamburg Academy for Distance Learning","Certificate in Child-Rearing",,"Any date before 1 January 2012",Queensland,Germany,"This qualification was previously assessed by the Queensland Government as being the equivalent to a Certificate III qualification. Individuals seeking to work outside Queensland (or graduated after 1 January 2012) may still be eligible for recognition as a qualified educator if they apply to ACECQA for an assessment of equivalence."
Diploma,Hanover,"State Recognised Teacher in Nursery Education",,"Any date before 1 January 2012",Queensland,Germany,"This qualification was previously assessed by the Queensland Government as being the equivalent to a Diploma qualification. Individuals seeking to work outside Queensland (or graduated after 1 January 2012) may still be eligible for recognition as a qualified educator if they apply to ACECQA for an assessment of equivalence."
"Certificate III","Happy Child Training","CACHE level 2 NVQ in Childrens Care, Learning and Development",100/5515/0,"Any date before 1 January 2012",Queensland,"United Kingdom","This qualification was previously assessed by the Queensland Government as being the equivalent to a Certificate III qualification. Individuals seeking to work outside Queensland (or graduated after 1 January 2012) may still be eligible for recognition as a qualified educator if they apply to ACECQA for an assessment of equivalence."
ECT,"Hartley College of Advanced Education","Bachelor of Education (Early Childhood)",,"Any date if enrolled prior to 1 January 2012",National,Australia,
ECT,"Hartley College of Advanced Education","Diploma of Teaching (Early Childhood)",,"Any date if enrolled prior to 1 January 2012",National,Australia,"Hartley College of Advanced Education was formerly known by a different name: Kingston College of Advanced Education"
ECT,"Hartley College of Advanced Education","Graduate Diploma in Education",,"Any date if enrolled prior to 1 January 2012",National,Australia,"Hartley College of Advanced Education was formerly known by a different name: Kingston College of Advanced Education"
"Certificate III","Heart of Mary Pre-school and Elementary School and College","Diploma with Professional title of Primary School Teacher Year 1 to Year 4 with specialisation in the Preschool Area",,"Any date before 1 January 2012",Queensland,Brazil,"This qualification was previously assessed by the Queensland Government as being the equivalent to a Certificate III qualification. Individuals seeking to work outside Queensland (or graduated after 1 January 2012) may still be eligible for recognition as a qualified educator if they apply to ACECQA for an assessment of equivalence."
Diploma,"Hedland College","Diploma of Children's Services (Child Care)",,"Any date before 1 January 2017",National,Australia,
Diploma,"High council of Catholic Education (CONSUDEC)","Teacher of Elementary Education",,"Any date before 1 January 2012",Queensland,Argentina,"This qualification was previously assessed by the Queensland Government as being the equivalent to a Diploma qualification. Individuals seeking to work outside Queensland (or graduated after 1 January 2012) may still be eligible for recognition as a qualified educator if they apply to ACECQA for an assessment of equivalence."
Diploma,"High Training College in Cakovec","Diploma of the Completed Professional Undergraduate Studies Kindergarten Teacher",,"Any date before 1 January 2012",Queensland,Croatia,"This qualification was previously assessed by the Queensland Government as being the equivalent to a Diploma qualification. Individuals seeking to work outside Queensland (or graduated after 1 January 2012) may still be eligible for recognition as a qualified educator if they apply to ACECQA for an assessment of equivalence."
Diploma,"Hobart Institute of TAFE","Associate Diploma of Social Science (Child Care)",,"Any date before 1 January 2017",National,Australia,
ECT,"Hobart Teacher's College","Diploma of Teaching (with major specialisation in Early Childhood Education)",,"Any date if enrolled prior to 1 January 2012",National,Australia,
ECT,"Holmes Institute","Master of Teaching (Early Childhood)",MT(EC),"Any date prior to January 2029",National,Australia,"ACECQA assessed and approved this qualification on 5 December 2023."
ECT,"Holmes Institute","Graduate Diploma of Early Childhood",GDEC,"Any date prior to January 2029",National,Australia,"ACECQA assessed and approved this qualification on 5 December 2023."
Diploma,"Holmesglen Institute","Associate Degree in Early Childhood Education",,"Any date before 1 January 2017",National,Australia,"Holmesglen Institute was formerly known as Holmesglen Institute of TAFE. "
ECT,"Holmesglen Institute","Bachelor of Early Childhood Education",,"Any date if enrolled prior to 1 January 2017",National,Australia,"Holmesglen Institute was formerly known as Holmesglen Institute of TAFE. "
ECT,"Holmesglen Institute","Bachelor of Early Childhood Teaching",BECT16,"Any date if enrolled prior to March 2022",National,Australia,"ACECQA assessed and approved this program on 5 November 2015.Holmesglen Institute was formerly known as Holmesglen Institute of TAFE. "
ECT,"Holmesglen Institute","Bachelor of Early Childhood Education",BECE26,"Any date if enrolled prior to March 2031",National,Australia,"ACECQA assessed and approved this qualification on 30 March 2026."
ECT,"Holmesglen Institute","Bachelor of Early Childhood Teaching",BECT26,"Any date if enrolled prior to March 2031",National,Australia,"ACECQA assessed and approved this qualification on 30 March 2026."
Diploma,"Hood College","Bachelor of Arts (major in Early Childhood)",,"Any date before 1 January 2012",Queensland,"United States of America","This qualification was previously assessed by the Queensland Government as being the equivalent to a Diploma qualification. Individuals seeking to work outside Queensland (or graduated after 1 January 2012) may still be eligible for recognition as a qualified educator if they apply to ACECQA for an assessment of equivalence."
Diploma,"Humber College Institute of Technology and Advanced Learning","Diploma of Early Childhood Education",,"Any date before 1 January 2012",Queensland,Canada,"This qualification was previously assessed by the Queensland Government as being the equivalent to a Diploma qualification. Individuals seeking to work outside Queensland (or graduated after 1 January 2012) may still be eligible for recognition as a qualified educator if they apply to ACECQA for an assessment of equivalence."
ECT,"Hunter Institute of Higher Education","Bachelor of Education (Early Childhood)",,"Any date if enrolled prior to 1 January 2012",National,Australia,
ECT,"Hunter Institute of Higher Education","Diploma of Teaching (Early Childhood Education)",,"Any date if enrolled prior to 1 January 2012",National,Australia,
ECT,"Hunter Institute of Higher Education","Diploma Teaching/ Diploma in Teaching (Early Childhood/Early Childhood Education)",,"Any date if enrolled prior to 1 January 2012",National,Australia,
Diploma,"Ichthus Hogeschool","HBO Diploma: Teacher Training 'Basisonderwjis' Primary Education",,"Any date before 1 January 2012",Queensland,Netherlands,"This qualification was previously assessed by the Queensland Government as being the equivalent to a Diploma qualification. Individuals seeking to work outside Queensland (or graduated after 1 January 2012) may still be eligible for recognition as a qualified educator if they apply to ACECQA for an assessment of equivalence."
Diploma,"Inca Garcilaso De La Vega University","Bachelor of Education (Early Childhood)",,"Any date before 1 January 2012",Queensland,Peru,"This qualification was previously assessed by the Queensland Government as being the equivalent to a Diploma qualification. Individuals seeking to work outside Queensland (or graduated after 1 January 2012) may still be eligible for recognition as a qualified educator if they apply to ACECQA for an assessment of equivalence."
"Certificate III","Indian Association for Preschool Education","Certificate in Pre-Primary Teacher Education (Nursery Teachers' Training)",,"Any date before 1 January 2012",Queensland,India,"This qualification was previously assessed by the Queensland Government as being the equivalent to a Certificate III qualification. Individuals seeking to work outside Queensland (or graduated after 1 January 2012) may still be eligible for recognition as a qualified educator if they apply to ACECQA for an assessment of equivalence."
"Certificate III","Institute for Higher Education Prince Felipe","Title of Specialist Technician in Infant Education",,"Any date before 1 January 2012",Queensland,Spain,"This qualification was previously assessed by the Queensland Government as being the equivalent to a Certificate III qualification. Individuals seeking to work outside Queensland (or graduated after 1 January 2012) may still be eligible for recognition as a qualified educator if they apply to ACECQA for an assessment of equivalence."
ECT,"Institute of Early Childhood","Diploma of Teaching (Early Childhood Education)",,"Any date if enrolled prior to 1 January 2012",National,Australia,
ECT,"Institute of Early Childhood","Diploma of Teaching (Early Childhood)",,"Any date if enrolled prior to 1 January 2012",National,Australia,
ECT,"Institute of Early Childhood Studies","Bachelor of Education (Early Childhood)",,"Any date if enrolled prior to 1 January 2012",National,Australia,
Diploma,"Institute of Seacoh Training ECE","Diploma of Teaching (Early Childhood Education)",,"Any date before 1 January 2012",Queensland,"New Zealand","This qualification was previously assessed by the Queensland Government as being the equivalent to a Diploma qualification. Individuals seeking to work outside Queensland (or graduated after 1 January 2012) may still be eligible for recognition as a qualified educator if they apply to ACECQA for an assessment of equivalence."
Diploma,"Institute of TAFE Tasmania","Associate Diploma of Education (Child Care Studies)",,"Any date before 1 January 2012",National,Australia,
Diploma,"Institute of TAFE Tasmania","Associate Diploma of Child Care",,"Any date before 1 January 2012",National,Australia,"Also known as 'Associate Diploma in Child Care'."
Diploma,"Institute of TAFE Tasmania","Associate Diploma of Child Care Studies",,"Any date before 1 January 2012",National,Australia,
Diploma,"Institute of TAFE Tasmania","Associate Diploma of Social Science (Child Care)",,"Any date before 1 January 2017",National,Australia,
Diploma,"Institute of TAFE Tasmania","Associate Diploma of Applied Science (Child Care Studies)",,"Any date before 1 January 2012",National,Australia,"Also known as 'Associate Diploma in Applied Science (Child Care Studies)'"
Diploma,"Institute of TAFE Tasmania","Associate Diploma of Health Science (Child Care)",,"Any date before 1 January 2012",National,Australia,
"Certificate III","Institute of TAFE Tasmania","Certificate IV in Children's Services (Home-based Care)",,"Any date before 1 January 2012",National,Australia,
Diploma,"Institute of Technology, Carlow","Bachelor of Arts (Honours) in Early Childhood Studies",,"Any date before 1 January 2012",Queensland,Ireland,"This qualification was previously assessed by the Queensland Government as being the equivalent to a Diploma qualification. Individuals seeking to work outside Queensland (or graduated after 1 January 2012) may still be eligible for recognition as a qualified educator if they apply to ACECQA for an assessment of equivalence."
Diploma,"Intec College","Diploma of Child Day Care",,"Any date before 1 January 2012",Queensland,"South Africa","This qualification was previously assessed by the Queensland Government as being the equivalent to a Diploma qualification. Individuals seeking to work outside Queensland (or graduated after 1 January 2012) may still be eligible for recognition as a qualified educator if they apply to ACECQA for an assessment of equivalence."
Diploma,"International Centre for Early Childhood Education","Diploma in Pre-school Education - Teaching",,"Any date before 1 January 2012",Queensland,Singapore,"This qualification was previously assessed by the Queensland Government as being the equivalent to a Diploma qualification. Individuals seeking to work outside Queensland (or graduated after 1 January 2012) may still be eligible for recognition as a qualified educator if they apply to ACECQA for an assessment of equivalence."
Diploma,"International Centre for Early Childhood Education","Specialist Diploma in Pre-school Education (Teaching and Leadership)",,"Any date before 1 January 2012",Queensland,Singapore,"This qualification was previously assessed by the Queensland Government as being the equivalent to a Diploma qualification. Individuals seeking to work outside Queensland (or graduated after 1 January 2012) may still be eligible for recognition as a qualified educator if they apply to ACECQA for an assessment of equivalence."
Diploma,"Izumi Junior College","Children's Nurse Certificate (granted Kindergarten Teacher's Licence Grade 2)",,"Any date before 1 January 2012",Queensland,Japan,"This qualification was previously assessed by the Queensland Government as being the equivalent to a Diploma qualification. Individuals seeking to work outside Queensland (or graduated after 1 January 2012) may still be eligible for recognition as a qualified educator if they apply to ACECQA for an assessment of equivalence."
ECT,"James Cook University","Bachelor of Education Professional Development (Early Childhood Education Major)","38110 - BEP-ECE1 / BEP-ECE2","Any date if enrolled prior to 1 January 2017",National,Australia,
ECT,"James Cook University","Bachelor of Educational Services (Child Care)",,"Any date if enrolled prior to 1 January 2012",National,Australia,
ECT,"James Cook University","Diploma of Teaching (Early Childhood Education)",,"Any date if enrolled prior to 1 January 2012",National,Australia,
ECT,"James Cook University","Diploma of Teaching (Early Childhood)",,"Any date if enrolled prior to 1 January 2012",National,Australia,
ECT,"James Cook University","Postgraduate Diploma in Education (Early Childhood)",,"Any date if enrolled prior to 1 January 2012",National,Australia,
ECT,"James Cook University","Bachelor of Education (Early Childhood Education)","109210 / 36110 / 30210E / 30010B","Any date if enrolled prior to June 2020",National,Australia,"ACECQA reassessed and reapproved this qualification on 22 June 2015."
ECT,"James Cook University","Bachelor of Education (Early Childhood Education)",109210,"Any date if enrolled prior to March 2029",National,Australia,"ACECQA reassessed and reapproved this qualification on 7 February 2024."
ECT,"James Cook University","Bachelor of Education",38110E,"Any date if enrolled prior to 1 Jan 2012",National,Australia,
Diploma,"Johanna-Wittum-Schule Pforzheim","Diploma: State-approved Child Care Specialist",,"Any date before 1 January 2012",Queensland,Germany,"This qualification was previously assessed by the Queensland Government as being the equivalent to a Diploma qualification. Individuals seeking to work outside Queensland (or graduated after 1 January 2012) may still be eligible for recognition as a qualified educator if they apply to ACECQA for an assessment of equivalence."
Diploma,"Johannesburg College of Education, University of the Witwatersrand","Higher Diploma in Education (Junior/Preprimary)",,"Any date before 1 January 2012",Queensland,"South Africa","This qualification was previously assessed by the Queensland Government as being the equivalent to a Diploma qualification. Individuals seeking to work outside Queensland (or graduated after 1 January 2012) may still be eligible for recognition as a qualified educator if they apply to ACECQA for an assessment of equivalence."
"Certificate III","Jose Marti Teacher's College","Pre-school Teacher Certificate",,"Any date before 1 January 2012",Queensland,Cuba,"This qualification was previously assessed by the Queensland Government as being the equivalent to a Certificate III qualification. Individuals seeking to work outside Queensland (or graduated after 1 January 2012) may still be eligible for recognition as a qualified educator if they apply to ACECQA for an assessment of equivalence."
Diploma,"Kansai College of Childcare and Welfare","Certificate of Graduation",,"Any date before 1 January 2012",Queensland,Japan,"This qualification was previously assessed by the Queensland Government as being the equivalent to a Diploma qualification. Individuals seeking to work outside Queensland (or graduated after 1 January 2012) may still be eligible for recognition as a qualified educator if they apply to ACECQA for an assessment of equivalence."
Diploma,"Kath Dickson Training Organisation","Diploma of Children's Services (Home-based)",,"Any date before 1 January 2017",National,Australia,
Diploma,"Katherine Institute of TAFE","Associate Diploma of Education (Child Care)",,"Any date before 1 January 2012",National,Australia,"Also known as 'Associate Diploma in Education (Child Care)'."
Diploma,"Kayseri Primary Education Teacher School for Girls","Primary Education Teachers School Diploma",,"Any date before 1 January 2012",Queensland,Turkey,"This qualification was previously assessed by the Queensland Government as being the equivalent to a Diploma qualification. Individuals seeking to work outside Queensland (or graduated after 1 January 2012) may still be eligible for recognition as a qualified educator if they apply to ACECQA for an assessment of equivalence."
Diploma,"KD Ushynsky Southern Ukrainian State Pedagogical University","Diploma Specializing in Pre School Education",,"Any date before 1 January 2012",Queensland,Ukraine,"This qualification was previously assessed by the Queensland Government as being the equivalent to a Diploma qualification. Individuals seeking to work outside Queensland (or graduated after 1 January 2012) may still be eligible for recognition as a qualified educator if they apply to ACECQA for an assessment of equivalence."
ECT,"Kedron Park Teachers' College","Diploma in Teaching (Primary and Preschool)",,"Any date if enrolled prior to 1 January 2012",National,Australia,
ECT,"Kedron Park Teachers' College","Pre-School Teacher Certificate",,"Any date if enrolled prior to 1 January 2012",National,Australia,
ECT,"Kedron Park Teachers' College","Primary Teacher Certificate",,"Any date if enrolled prior to 1 January 2012",National,Australia,
Diploma,"Kindercare Early Childhood Teachers' College","Diploma of Teaching (Early Childhood Education)",,"Any date before 1 January 2012",Queensland,"New Zealand","This qualification was previously assessed by the Queensland Government as being the equivalent to a Diploma qualification. Individuals seeking to work outside Queensland (or graduated after 1 January 2012) may still be eligible for recognition as a qualified educator if they apply to ACECQA for an assessment of equivalence."
Diploma,"Kindercare Learning Centre","Early Childhood Teachers Certificate",,"Any date before 1 January 2012",Queensland,"New Zealand","This qualification was previously assessed by the Queensland Government as being the equivalent to a Diploma qualification. Individuals seeking to work outside Queensland (or graduated after 1 January 2012) may still be eligible for recognition as a qualified educator if they apply to ACECQA for an assessment of equivalence."
Diploma,"Kindercare Learning Centre","Early Childhood Teachers Certificate",,"Any date before 1 January 2012",Queensland,"New Zealand","This qualification was previously assessed by the Queensland Government as being the equivalent to a Diploma qualification. Individuals seeking to work outside Queensland (or graduated after 1 January 2012) may still be eligible for recognition as a qualified educator if they apply to ACECQA for an assessment of equivalence."
Diploma,"Kindercare Learning College","Early Childhood Teachers Certificate",,"Any date before 1 January 2012",Queensland,"New Zealand","This qualification was previously assessed by the Queensland Government as being the equivalent to a Diploma qualification. Individuals seeking to work outside Queensland (or graduated after 1 January 2012) may still be eligible for recognition as a qualified educator if they apply to ACECQA for an assessment of equivalence."
"Certificate III","Kindercraft Association","Kindercraft Assistant",,"Any date before 1 January 2012",National,Australia,
Diploma,"Kindergarten Teachers' College","Certificate of Completion of Secondary Education",,"Any date before 1 January 2012",Queensland,Poland,"This qualification was previously assessed by the Queensland Government as being the equivalent to a Diploma qualification. Individuals seeking to work outside Queensland (or graduated after 1 January 2012) may still be eligible for recognition as a qualified educator if they apply to ACECQA for an assessment of equivalence."
ECT,"Kindergarten Teachers' College - WA","Diploma of Kindergarten Teaching (0-8)",,"Any date if enrolled prior to 1 January 2012",National,Australia,
Diploma,"Kingston College of Advanced Education","Diploma of Teaching (Early Childhood Education)",,"Any date if enrolled prior to 1 January 2012",National,Australia,
ECT,"Kingston College of Advanced Education","Graduate Diploma in Education",,"Any date if enrolled prior to 1 January 2012",National,Australia,"Kingston College of Advanced Education was also known by a different name: Hartley College of Advanced Education"
Diploma,"Kobe Tokiwa Junior College","Diploma in Pre-school Children's Education",,"Any date before 1 January 2012",Queensland,Japan,"This qualification was previously assessed by the Queensland Government as being the equivalent to a Diploma qualification. Individuals seeking to work outside Queensland (or graduated after 1 January 2012) may still be eligible for recognition as a qualified educator if they apply to ACECQA for an assessment of equivalence."
Diploma,"Kochi Gakuen Junior College","Certificate of Graduation - Early Childhood Education",,"Any date before 1 January 2012",Queensland,Japan,"This qualification was previously assessed by the Queensland Government as being the equivalent to a Diploma qualification. Individuals seeking to work outside Queensland (or graduated after 1 January 2012) may still be eligible for recognition as a qualified educator if they apply to ACECQA for an assessment of equivalence."
Diploma,"Kokusai Gakuin Saitama Junior College","Certificate of Graduation - School of Infant Education",,"Any date before 1 January 2012",Queensland,Japan,"This qualification was previously assessed by the Queensland Government as being the equivalent to a Diploma qualification. Individuals seeking to work outside Queensland (or graduated after 1 January 2012) may still be eligible for recognition as a qualified educator if they apply to ACECQA for an assessment of equivalence."
Diploma,"Korea National Open University","Bachelor of Education (Early Childhood Education)",,"Any date before 1 January 2012",Queensland,"South Korea","This qualification was previously assessed by the Queensland Government as being the equivalent to a Diploma qualification. Individuals seeking to work outside Queensland (or graduated after 1 January 2012) may still be eligible for recognition as a qualified educator if they apply to ACECQA for an assessment of equivalence."
Diploma,"Kromeriz Teachers College, Czechoslavakia","Matriculation and Final Examination Certificate",,"Any date before 1 January 2012",Queensland,"Czechoslovakia (Czech Republic)","This qualification was previously assessed by the Queensland Government as being the equivalent to a Diploma qualification. Individuals seeking to work outside Queensland (or graduated after 1 January 2012) may still be eligible for recognition as a qualified educator if they apply to ACECQA for an assessment of equivalence."
ECT,"Kuring-Gai College of Advanced Education","Diploma of Teaching (Early Childhood Education)",,"Any date if enrolled prior to 1 January 2012",National,Australia,
ECT,"Kuring-Gai College of Advanced Education","Diploma of Teaching (Primary Education) with major specialisation in Early Childhood Education",,"Any date if enrolled prior to 1 January 2012",National,Australia,
Diploma,"Kwangju Women's University","Bachelor of Education (Early Childhood Education)",,"Any date before 1 January 2012",Queensland,"South Korea","This qualification was previously assessed by the Queensland Government as being the equivalent to a Diploma qualification. Individuals seeking to work outside Queensland (or graduated after 1 January 2012) may still be eligible for recognition as a qualified educator if they apply to ACECQA for an assessment of equivalence."
Diploma,"Kwangju Women's University","Bachelor of Education with a major in Early Childhood Education",,"Any date before 1 January 2012",Queensland,"South Korea","This qualification was previously assessed by the Queensland Government as being the equivalent to a Diploma qualification. Individuals seeking to work outside Queensland (or graduated after 1 January 2012) may still be eligible for recognition as a qualified educator if they apply to ACECQA for an assessment of equivalence."
Diploma,"Kyoto Women's Junior College","Kindergarten Teaching Licence, Category 2",,"Any date before 1 January 2012",Queensland,Japan,"This qualification was previously assessed by the Queensland Government as being the equivalent to a Diploma qualification. Individuals seeking to work outside Queensland (or graduated after 1 January 2012) may still be eligible for recognition as a qualified educator if they apply to ACECQA for an assessment of equivalence."
Diploma,"Kyung Sung University","Bachelor of Arts (Early Childhood Education)",,"Any date before 1 January 2012",Queensland,"South Korea","This qualification was previously assessed by the Queensland Government as being the equivalent to a Diploma qualification. Individuals seeking to work outside Queensland (or graduated after 1 January 2012) may still be eligible for recognition as a qualified educator if they apply to ACECQA for an assessment of equivalence."
Diploma,"Kyungin Women's College","Certificate of Graduation - Associate Degree in Early Childhood Education",,"Any date before 1 January 2012",Queensland,Korea,"This qualification was previously assessed by the Queensland Government as being the equivalent to a Diploma qualification. Individuals seeking to work outside Queensland (or graduated after 1 January 2012) may still be eligible for recognition as a qualified educator if they apply to ACECQA for an assessment of equivalence."
Diploma,"Kyushu Junior College of Kinki University","Certificate of Graduation - Kindergarten Teacher/ Children's Nurse",,"Any date before 1 January 2012",Queensland,Japan,"This qualification was previously assessed by the Queensland Government as being the equivalent to a Diploma qualification. Individuals seeking to work outside Queensland (or graduated after 1 January 2012) may still be eligible for recognition as a qualified educator if they apply to ACECQA for an assessment of equivalence."
ECT,"La Trobe University","Bachelor of Early Childhood Education",EBECE,"Any date if enrolled prior to 1 January 2017",National,Australia,
ECT,"La Trobe University","Bachelor of Early Learning",EBEL,"Any date if enrolled prior to April 2019",National,Australia,"ACECQA assessed and approved this qualification on 5 April 2013."
ECT,"La Trobe University","Bachelor of Early Childhood and Primary Education",EBECB/EBECS,"Any date if enrolled prior to March 2022",National,Australia,"ACECQA assessed and approved this program on 8 February 2017."
ECT,"La Trobe University","Bachelor of Early Childhood Education",EBECEO,"Any date if enrolled prior to February 2024",National,Australia,"ACECQA assessed and approved this program on 23 January 2019."
ECT,"La Trobe University","Bachelor of Education (Early Childhood/Primary)",PEB002,"Any date if enrolled prior to November 2027",National,Australia,"ACECQA assessed and approved this program on 13 October 2022."
ECT,"La Trobe University","Bachelor of Early Childhood Education",EBECEO,"Any date prior to December 2028",National,Australia,"ACECQA assessed and approved this qualification on 21 November 2023."
ECT,"La Trobe University","Graduate Diploma in Early Childhood Education",PEG002,"Any date if enrolled prior to November 2030",National,Australia,"ACECQA assessed and approved this qualification on 17 November 2025."
Diploma,"Launceston Institute of TAFE","Associate Diploma of Social Science (Child Care)",,"Any date before 1 January 2017",National,Australia,
ECT,"Laurus Higher Education","Graduate Diploma in Early Childhood Teaching",,"Any date prior to June 2030",National,Australia,"ACECQA assessed and approved this qualification on 12 June 2025."
"Certificate III","Lautoka Teachers' College","Certificate in Early Childhood Education",,"Any date before 1 January 2012",Queensland,Fiji,"This qualification was previously assessed by the Queensland Government as being the equivalent to a Certificate III qualification. Individuals seeking to work outside Queensland (or graduated after 1 January 2012) may still be eligible for recognition as a qualified educator if they apply to ACECQA for an assessment of equivalence."
Diploma,"Laval University","Bachelor of Education (Preschool and Primary Education)",,"Any date before 1 January 2012",Queensland,Canada,"This qualification was previously assessed by the Queensland Government as being the equivalent to a Diploma qualification. Individuals seeking to work outside Queensland (or graduated after 1 January 2012) may still be eligible for recognition as a qualified educator if they apply to ACECQA for an assessment of equivalence."
ECT,"Lead Institute of Higher Education","Graduate Diploma of Early Childhood Education",,"Any date if enrolled prior to May 2030",National,Australia,"ACECQA assessed and approved this qualification on 3 April 2025. "
Diploma,"Lebedyan Pedagogcial College","Preschool Teacher Certificate",,"Any date before 1 January 2012",Queensland,Russia,"This qualification was previously assessed by the Queensland Government as being the equivalent to a Diploma qualification. Individuals seeking to work outside Queensland (or graduated after 1 January 2012) may still be eligible for recognition as a qualified educator if they apply to ACECQA for an assessment of equivalence."
Diploma,"Leeds University","Bachelor of Arts (Honours) in English with QTS (Early Years)",,"Any date before 1 January 2012",Queensland,"United Kingdom","This qualification was previously assessed by the Queensland Government as being the equivalent to a Diploma qualification. Individuals seeking to work outside Queensland (or graduated after 1 January 2012) may still be eligible for recognition as a qualified educator if they apply to ACECQA for an assessment of equivalence."
ECT,"Lincoln Institute of Higher Education","Bachelor of Early Childhood Education",BECE,"Any date if enrolled prior to February 2030",National,Australia,"ACECQA assessed and approved this qualification on 25 February 2025."
Diploma,"Liverpool Hope University","Bachelor of Arts combined with Honours (Advanced study of Early Years and Education Studies)",,"Any date before 1 January 2012",Queensland,"United Kingdom","This qualification was previously assessed by the Queensland Government as being the equivalent to a Diploma qualification. Individuals seeking to work outside Queensland (or graduated after 1 January 2012) may still be eligible for recognition as a qualified educator if they apply to ACECQA for an assessment of equivalence."
Diploma,"Liverpool Hope University","Bachelor of Arts with Honours (Early Childhood Studies with Education Studies)",,"Any date before 1 January 2012",Queensland,"United Kingdom","This qualification was previously assessed by the Queensland Government as being the equivalent to a Diploma qualification. Individuals seeking to work outside Queensland (or graduated after 1 January 2012) may still be eligible for recognition as a qualified educator if they apply to ACECQA for an assessment of equivalence."
Diploma,"Liverpool Hope University","Degree of Bachelor of Arts with Honours (QTS) Professional Studies in Education with Early Childhood Studies",,"Any date before 1 January 2012",Queensland,"United Kingdom","This qualification was previously assessed by the Queensland Government as being the equivalent to a Diploma qualification. Individuals seeking to work outside Queensland (or graduated after 1 January 2012) may still be eligible for recognition as a qualified educator if they apply to ACECQA for an assessment of equivalence."
Diploma,"Liverpool Hope University","Foundation Degree (Management of Childcare Provision)",,"Any date before 1 January 2012",Queensland,"United Kingdom","This qualification was previously assessed by the Queensland Government as being the equivalent to a Diploma qualification. Individuals seeking to work outside Queensland (or graduated after 1 January 2012) may still be eligible for recognition as a qualified educator if they apply to ACECQA for an assessment of equivalence."
Diploma,"Liverpool Institute of Higher Education","Certificate in Education (Primary with specialisation in Infants)",,"Any date before 1 January 2012",Queensland,"United Kingdom","This qualification was previously assessed by the Queensland Government as being the equivalent to a Diploma qualification. Individuals seeking to work outside Queensland (or graduated after 1 January 2012) may still be eligible for recognition as a qualified educator if they apply to ACECQA for an assessment of equivalence."
Diploma,"London Metropolitan University","Bachelor of Arts(Hons) in Education (Early Childhood Studies)",,"Any date before 1 January 2012",Queensland,"United Kingdom","This qualification was previously assessed by the Queensland Government as being the equivalent to a Diploma qualification. Individuals seeking to work outside Queensland (or graduated after 1 January 2012) may still be eligible for recognition as a qualified educator if they apply to ACECQA for an assessment of equivalence."
Diploma,"Lorraine Martin College","Diploma of Early Childhood",,"Any date before 1 January 2017",National,Australia,"Qualification also known as 'Diploma in Early Childhood'. Also known as Martin College."
ECT,"Lyons College","Graduate Diploma of Early Childhood Education",GDECE,"Any date if enrolled prior to March 2031",National,Australia,"ACECQA assessed and approved this qualification on 31 March 2026."
ECT,"Macarthur Institute of Higher Education","Bachelor of Education (Early Childhood)",,"Any date if enrolled prior to 1 January 2012",National,Australia,
Diploma,"Macarthur Institute of Higher Education","Diploma of Teaching (Early Childhood Education)",,"Any date before 1 January 2017",National,Australia,
ECT,"Macquarie University","Bachelor of Arts with a Major in Early Childhood Services",,"Any date if enrolled prior to 1 January 2012",National,Australia,"May also be known as Bachelor of Arts with a Major in Early Childhood."
ECT,"Macquarie University","Bachelor of Education (Early Childhood Education)",EDUC01,"Any date if enrolled prior to 1 January 2017",National,Australia,
ECT,"Macquarie University","Bachelor of Education (Early Childhood)",,"Any date if enrolled prior to 1 January 2012",National,Australia,
ECT,"Macquarie University","Bachelor of Teaching (Birth to five years)",TEAC02,"Any date if enrolled prior to 1 January 2017",National,Australia,
ECT,"Macquarie University","Bachelor of Teaching (Birth to School Age)",,"Any date if enrolled prior to 1 January 2012",National,Australia,
ECT,"Macquarie University","Bachelor of Teaching (Early Childhood Services)",TEAC03,"Any date if enrolled prior to 1 January 2017",National,Australia,
ECT,"Macquarie University","Bachelor of Teaching (Early Childhood Services)",,"Any date if enrolled prior to 1 January 2012",National,Australia,
ECT,"Macquarie University","Bachelor of Teaching (Early Childhood)",,"Any date if enrolled prior to 1 January 2012",National,Australia,
ECT,"Macquarie University","Diploma of Teaching (Early Childhood Education)",,"Any date if enrolled prior to 1 January 2012",National,Australia,
ECT,"Macquarie University","Diploma of Teaching (Early Childhood)",,"Any date if enrolled prior to 1 January 2012",National,Australia,"Qualification also known as 'Diploma in Teaching (Early Childhood)'"
ECT,"Macquarie University","Graduate Diploma in Early Childhood","ECHS06 / ECHS05 / ECHS07","Any date if enrolled prior to 1 January 2017",National,Australia,
ECT,"Macquarie University","Graduate Diploma in Early Childhood (0-5)",,"Any date if enrolled prior to 1 January 2012",National,Australia,
ECT,"Macquarie University","Graduate Diploma in Education (Early Childhood)",,"Any date if enrolled prior to 1 January 2012",National,Australia,
ECT,"Macquarie University","Graduate Diploma in Education Studies (Early Childhood)",,"Any date if enrolled prior to 1 January 2012",National,Australia,
ECT,"Macquarie University","Master of Early Childhood",,"Any date if enrolled prior to 1 January 2017",National,Australia,
ECT,"Macquarie University","Bachelor of Teaching (Early Childhood Education)",TECE01,"Any date if enrolled prior to October 2019",National,Australia,"ACECQA assessed and approved this program on 30 October 2014."
ECT,"Macquarie University","Bachelor of Teaching (Early Childhood Communities)",TECC01,"Any date if enrolled prior to December 2019",National,Australia,"ACECQA assessed and approved this program on 11 December 2014."
ECT,"Macquarie University","Bachelor of Education (Early Childhood Education) (Birth to 12)","EDEC01 / EDUC01","Any date if enrolled prior to October 2019",National,Australia,"ACECQA assessed and approved this qualification on 30 October 2014."
ECT,"Macquarie University","Master of Teaching (Birth to Five Years)","TEAC12MV2 / TEAC11M / TEAC12M / C154 FDZ-M V1 with C143 CM. ver1/ C143FDZ with C143CZU / TEAC20M-T, ver 1 / TEAC18MT / TEAC18MTV1","Any date if enrolled prior to July 2021",National,Australia,"ACECQA reassessed and reapproved this program on 15 July 2016."
ECT,"Macquarie University","Graduate Diploma of Advanced Studies in Early Childhood",ADEC02GD,"Any date if enrolled prior to 1 January 2017",National,Australia,
ECT,"Macquarie University","Graduate Diploma of Early Childhood Teaching",ECHT01GD,"Any date if enrolled prior to 1 January 2017",National,Australia,
ECT,"Macquarie University","Bachelor of Teaching (Early Childhood Education)","TECE19V1 / C000012","Any date if enrolled prior to November 2024",National,Australia,"ACECQA assessed and approved this qualification on 10 October 2018."
ECT,"Macquarie University","Bachelor of Arts with the degree of Bachelor of Education (Primary) with a major in Early Childhood Teaching","AREP19V1, AREP20-T1 ver 1, N212D6 ver 1","Any date if enrolled prior to December 2024",National,Australia,"ACECQA assessed and approved this qualification on 6 November 2018. Parchment and transcript must show completion of the early childhood major."
ECT,"Macquarie University","Master of Teaching (Birth to Five Years)","C000143 / C000231","Any date before 1 December 2026",National,Australia,"ACECQA assessed and approved this qualification on 25 November 2021."
ECT,"Macquarie University","Bachelor of Education (Early Childhood)",C000425,"Any date if enrolled prior to October 2029",National,Australia,"ACECQA assessed and approved this program on 27 September 2024"
ECT,"Macquarie University","Bachelor of Education (Early Childhood and Primary)",C000426,"Any date if enrolled prior to October 2029",National,Australia,"ACECQA assessed and approved this program on 27 September 2024"
ECT,"Macquarie University","Master of Teaching (Birth to Five Years)",C000143,"Any date if enrolled prior to December 2030",National,Australia,"ACECQA reassessed and reapproved this qualification on 7 December 2025."
Diploma,"Maharaja Sayajirao University","Graduate Diploma in Early Childhood Care and Education",,"Any date before 1 January 2012",Queensland,India,"This qualification was previously assessed by the Queensland Government as being the equivalent to a Diploma qualification. Individuals seeking to work outside Queensland (or graduated after 1 January 2012) may still be eligible for recognition as a qualified educator if they apply to ACECQA for an assessment of equivalence."
Diploma,"Manchester Metropolitan University","Bachelor of Arts (Honours) in Early Childhood Studies",,"Any date before 1 January 2012",Queensland,"United Kingdom","This qualification was previously assessed by the Queensland Government as being the equivalent to a Diploma qualification. Individuals seeking to work outside Queensland (or graduated after 1 January 2012) may still be eligible for recognition as a qualified educator if they apply to ACECQA for an assessment of equivalence."
Diploma,"Manchester Metropolitan University","Bachelor of Education (Honours)(Early Years)",,"Any date before 1 January 2012",Queensland,"United Kingdom","This qualification was previously assessed by the Queensland Government as being the equivalent to a Diploma qualification. Individuals seeking to work outside Queensland (or graduated after 1 January 2012) may still be eligible for recognition as a qualified educator if they apply to ACECQA for an assessment of equivalence."
Diploma,"Manonmaniam Sundaranar University","Bachelor of Education majoring in Early Childhood and Mathematics Education",,"Any date before 1 January 2012",Queensland,India,"This qualification was previously assessed by the Queensland Government as being the equivalent to a Diploma qualification. Individuals seeking to work outside Queensland (or graduated after 1 January 2012) may still be eligible for recognition as a qualified educator if they apply to ACECQA for an assessment of equivalence."
Diploma,"Manukau Institute of Technology","Bachelor of Education (Early Childhood Teaching)",,"Any date before 1 January 2012",Queensland,"New Zealand","This qualification was previously assessed by the Queensland Government as being the equivalent to a Diploma qualification. Individuals seeking to work outside Queensland (or graduated after 1 January 2012) may still be eligible for recognition as a qualified educator if they apply to ACECQA for an assessment of equivalence."
Diploma,"Manukau Institute of Technology","Diploma of Teaching (Early Childhood Education)",,"Any date before 1 January 2012",Queensland,"New Zealand","This qualification was previously assessed by the Queensland Government as being the equivalent to a Diploma qualification. Individuals seeking to work outside Queensland (or graduated after 1 January 2012) may still be eligible for recognition as a qualified educator if they apply to ACECQA for an assessment of equivalence."
Diploma,"Mary Immaculate College, University of Limerick","Bachelor of Arts Primary Level Education majoring in Early Childhood Care and Education (known also as Bachelor of Arts in Early Childhood Care and Education)",,"Any date before 1 January 2012",Queensland,Ireland,"This qualification was previously assessed by the Queensland Government as being the equivalent to a Diploma qualification. Individuals seeking to work outside Queensland (or graduated after 1 January 2012) may still be eligible for recognition as a qualified educator if they apply to ACECQA for an assessment of equivalence."
Diploma,"Mary Watson College of Early Childhood Studies","Diploma of Early Childhood Education and Care",,"Any date before 1 January 2017",National,Australia,
Diploma,"Mary Watson College of Early Childhood Studies","Diploma of Education and Care",,"Any date before 1 January 2017",National,Australia,
Diploma,"Massey University","Bachelor of Education (Teaching)-Early Years",,"Any date before 1 January 2012",Queensland,"New Zealand","This qualification was previously assessed by the Queensland Government as being the equivalent to a Diploma qualification. Individuals seeking to work outside Queensland (or graduated after 1 January 2012) may still be eligible for recognition as a qualified educator if they apply to ACECQA for an assessment of equivalence."
Diploma,"Massey University","Diploma of Teaching (Early Childhood Education)",,"Any date before 1 January 2012",Queensland,"New Zealand","This qualification was previously assessed by the Queensland Government as being the equivalent to a Diploma qualification. Individuals seeking to work outside Queensland (or graduated after 1 January 2012) may still be eligible for recognition as a qualified educator if they apply to ACECQA for an assessment of equivalence."
Diploma,"Massey University","Graduate Diploma of Teaching (Early Childhood Education)",,"Any date before 1 January 2012",Queensland,"New Zealand","This qualification was previously assessed by the Queensland Government as being the equivalent to a Diploma qualification. Individuals seeking to work outside Queensland (or graduated after 1 January 2012) may still be eligible for recognition as a qualified educator if they apply to ACECQA for an assessment of equivalence."
Diploma,"Melbourne College of Advanced Education","Associate Diploma of Arts (Child Care)",,"Any date before 1 January 2012",National,Australia,
ECT,"Melbourne College of Advanced Education","Bachelor of Education (Early Childhood)",,"Any date if enrolled prior to 1 January 2012",National,Australia,
ECT,"Melbourne College of Advanced Education","Diploma in Social Science (Children's Services)",,"Any date if enrolled prior to 1 January 2012",National,Australia,
Diploma,"Melbourne College of Advanced Education","Diploma of Arts (Child Care)",,"Any date before 1 January 2017",National,Australia,
ECT,"Melbourne College of Advanced Education","Diploma of Education (Early Childhood Education)",,"Any date if enrolled prior to 1 January 2012",National,Australia,
ECT,"Melbourne College of Advanced Education","Diploma of Teaching (Early Childhood Education)",,"Any date if enrolled prior to 1 January 2012",National,Australia,
ECT,"Melbourne College of Advanced Education","Diploma of Teaching (Early Childhood)",,"Any date if enrolled prior to 1 January 2012",National,Australia,
ECT,"Melbourne Kindergarten Teachers' College","Diploma of Kindergarten Training College",,"Any date if enrolled prior to 1 January 2012",National,Australia,
ECT,"Melbourne Kindergarten Teachers' College","Diploma of Teaching (Early Childhood Education)",,"Any date if enrolled prior to 1 January 2012",National,Australia,
ECT,"Melbourne Kindergarten Teachers' College","Diploma of the Melbourne Kindergarten Teachers' College",,"Any date if enrolled prior to 1 January 2012",National,Australia,
Diploma,"Melbourne Polytechnic","Associate Degree in Early Years Studies",,"Any date before 1 January 2017",National,Australia,"Melbourne Polytechnic was formerly known by a different name: Northern Melbourne Institute of TAFE."
ECT,"Melbourne Polytechnic","Bachelor of Early Years Studies",HEFEEYS,"Any date if enrolled prior to 1 January 2017",National,Australia,"Melbourne Polytechnic was formerly known by a different name: Northern Melbourne Institute of TAFE."
ECT,"Melbourne Polytechnic","Bachelor of Education (Early Years)",HEFEEDEY,"Any date if enrolled prior to 1 January 2017",National,Australia,"Melbourne Polytechnic was formerly known by a different name: Northern Melbourne Institute of TAFE."
ECT,"Melbourne Polytechnic","Bachelor of Education (Early Years)",CRS1201357,"Any date if enrolled prior to April 2021",National,Australia,"ACECQA assessed and approved this qualification on 8 December 2015. Melbourne Polytechnic was formerly known by a different name: Northern Melbourne Institute of TAFE."
Diploma,"Melbourne Polytechnic","Associate Degree of Early Years Studies",CRS1201359,"Any date if enrolled prior to April 2021",National,Australia,"ACECQA assessed and approved this qualification on 8 December 2015. Melbourne Polytechnic was formerly known by a different name: Northern Melbourne Institute of TAFE."
Diploma,"Melbourne Polytechnic","Associate Degree of Early Years Studies",HEFEADEYS,"Any date if enrolled before March 2026",National,Australia,"ACECQA assessed and approved this qualification on 11 February 2021. Melbourne Polytechnic was formerly known by a different name: Northern Melbourne Institute of TAFE."
ECT,"Melbourne Polytechnic","Bachelor of Education (Early Years and Primary)","HEFEEDEY / HEBOEEYP","Any date if enrolled prior to March 2026",National,Australia,"ACECQA assessed and approved this qualification on 11 February 2021. Melbourne Polytechnic was formerly known by a different name: Northern Melbourne Institute of TAFE."
ECT,"Melbourne Polytechnic","Bachelor of Early Childhood Education",HEBOECE,"Any date if enrolled prior to November 2027",National,Australia,"ACECQA reassessed and approved this qualification on 13 October 2022.  Melbourne Polytechnic was formerly known by a different name: Northern Melbourne Institute of TAFE."
ECT,"Melbourne Polytechnic","Bachelor of Education (Early Years and Primary)",HEBOEEYP,"Any date if enrolled prior to December 2030",National,Australia,"ACECQA reassessed and reapproved this qualification on 19 December 2025."
Diploma,"Melbourne Polytechnic","Associate Degree of Early Years Studies",HEFEADEYS,"Any date if enrolled prior to December 2030",National,Australia,"ACECQA reassessed and reapproved this qualification on 19 December 2025."
ECT,"Melbourne Teachers' College","Trained Infant Teachers' Certificate",,"Any date if enrolled prior to 1 January 2012",National,Australia,
Diploma,"Midland College of TAFE","Diploma of Children's Services (0 - 5 Years)",,"Any date before 1 January 2017",National,Australia,
Diploma,"Millersville University","Bachelor of Science in Education (Elementary and Early Childhood Education)",,"Any date before 1 January 2012",Queensland,"United States of America","This qualification was previously assessed by the Queensland Government as being the equivalent to a Diploma qualification. Individuals seeking to work outside Queensland (or graduated after 1 January 2012) may still be eligible for recognition as a qualified educator if they apply to ACECQA for an assessment of equivalence."
ECT,"Mitchell College of Advanced Education","Bachelor of Education (Early Childhood)",,"Any date if enrolled prior to 1 January 2012",National,Australia,
Diploma,"Mitchell College of Advanced Education","Diploma of Teacher Early Childhood Education",,"Any date before 1 January 2017",National,Australia,"Also known as 'Diploma in Teacher Early Childhood Education'."
ECT,"Mitchell College of Advanced Education","Diploma of Teaching (Early Childhood Education)",,"Any date if enrolled prior to 1 January 2012",National,Australia,
ECT,"Mitchell College of Advanced Education","Diploma of Teaching (Early Childhood)",,"Any date if enrolled prior to 1 January 2012",National,Australia,"Qualification also known as 'Diploma in Teaching (Early Childhood)'"
Diploma,"Miyagi Gakuin Women's University","Childcare Worker Certificate (granted Kindergarten Teacher Certificate 2nd class)",,"Any date before 1 January 2012",Queensland,Japan,"This qualification was previously assessed by the Queensland Government as being the equivalent to a Diploma qualification. Individuals seeking to work outside Queensland (or graduated after 1 January 2012) may still be eligible for recognition as a qualified educator if they apply to ACECQA for an assessment of equivalence."
Diploma,"Mohawk College","Early Childhood Education Diploma",,"Any date before 1 January 2012",Queensland,Canada,"This qualification was previously assessed by the Queensland Government as being the equivalent to a Diploma qualification. Individuals seeking to work outside Queensland (or graduated after 1 January 2012) may still be eligible for recognition as a qualified educator if they apply to ACECQA for an assessment of equivalence."
ECT,"Monash University","Bachelor of Early Childhood Education",1515,"Any date if enrolled prior to 1 January 2017",National,Australia,"Monash University was formerly known by a different name: Chisholm Institute of Technology OR State College of Victoria at Frankston."
ECT,"Monash University","Bachelor of Early Childhood Studies",3708,"Any date if enrolled prior to 1 January 2017",National,Australia,"Monash University was formerly known by a different name: Chisholm Institute of Technology OR State College of Victoria at Frankston."
ECT,"Monash University","Bachelor of Education (Early Childhood Education)",,"Any date if enrolled prior to 1 January 2012",National,Australia,"Monash University was formerly known by a different name: Chisholm Institute of Technology OR State College of Victoria at Frankston."
ECT,"Monash University","Bachelor of Education (Early Childhood)",,"Any date if enrolled prior to 1 January 2012",National,Australia,"Monash University was formerly known by a different name: Chisholm Institute of Technology OR State College of Victoria at Frankston"
ECT,"Monash University","Bachelor of Teaching (Early Childhood)",,"Any date if enrolled prior to 1 January 2012",National,Australia,"Monash University was formerly known by a different name: Chisholm Institute of Technology OR State College of Victoria at Frankston"
ECT,"Monash University","Diploma of Teaching (Early Childhood Education)",,"Any date if enrolled prior to 1 January 2012",National,Australia,"Monash University was formerly known by a different name: Chisholm Institute of Technology OR State College of Victoria at Frankston"
ECT,"Monash University","Diploma of Teaching (Early Childhood)",,"Any date if enrolled prior to 1 January 2012",National,Australia,"Monash University was formerly known by a different name: Chisholm Institute of Technology OR State College of Victoria at Frankston"
ECT,"Monash University","Graduate Diploma in Children's Services",,"Any date if enrolled prior to 1 January 2012",National,Australia,"Monash University was formerly known by a different name: Chisholm Institute of Technology OR State College of Victoria at Frankston"
ECT,"Monash University","Graduate Diploma in Education",,"Any date if enrolled prior to 1 January 2012",National,Australia,"Monash University was formerly known by a different name: Chisholm Institute of Technology OR State College of Victoria at Frankston"
ECT,"Monash University","Graduate Diploma of Education (Early Childhood)",,"Any date if enrolled prior to 1 January 2012",National,Australia,"Monash University was formerly known by a different name: Chisholm Institute of Technology OR State College of Victoria at Frankston"
ECT,"Monash University","Graduate Diploma of Education (Early Childhood)",3201,"Any date if enrolled prior to 1 January 2017",National,Australia,"Monash University was formerly known by a different name: Chisholm Institute of Technology OR State College of Victoria at Frankston."
ECT,"Monash University","Graduate Diploma of Teaching (Early Childhood)",,"Any date if enrolled prior to 1 January 2012",National,Australia,"Monash University was formerly known by a different name: Chisholm Institute of Technology OR State College of Victoria at Frankston"
ECT,"Monash University","Graduate Diploma of Teaching (Early Childhood)",4205,"Any date if enrolled prior to 1 January 2017",National,Australia,"Monash University was formerly known by a different name: Chisholm Institute of Technology OR State College of Victoria at Frankston."
ECT,"Monash University","Master of Teaching (Early Childhood)",4202,"Any date if enrolled prior to 1 January 2017",National,Australia,"Monash University was formerly known by a different name: Chisholm Institute of Technology OR State College of Victoria at Frankston."
ECT,"Monash University","Master of Teaching (Early Years)",4222,"Any date if enrolled prior to August 2018",National,Australia,"ACECQA assessed and approved this qualification on 2 August 2013. 

Monash University was formerly known by a different name: Chisholm Institute of Technology OR State College of Victoria at Frankston."
ECT,"Monash University","Bachelor of Education (Early Childhood)",4223,"Any date if enrolled prior to June 2019",National,Australia,"ACECQA assessed and approved this program on 27 June 2014.

Monash University was formerly known by a different name: Chisholm Institute of Technology OR State College of Victoria at Frankston."
ECT,"Monash University","Bachelor of Education (Early Childhood/Primary)",4224,"Any date if enrolled prior to June 2019",National,Australia,"ACECQA assessed and approved this program on 27 June 2014.

Monash University was formerly known by a different name: Chisholm Institute of Technology OR State College of Victoria at Frankston."
ECT,"Monash University","Bachelor of Education (Honours) in Early Years Education",D30011,"Any date if enrolled prior to October 2019",National,Australia,"ACECQA assessed and approved this program on 29 October 2014.

Monash University was formerly known by a different name: Chisholm Institute of Technology OR State College of Victoria at Frankston."
ECT,"Monash University","Bachelor of Education (Honours) in Early Years and Primary Education",D30012,"Any date if enrolled prior to October 2019",National,Australia,"ACECQA assessed and approved this program on 29 October 2014.Monash University was formerly known by a different name: Chisholm Institute of Technology OR State College of Victoria at Frankston."
ECT,"Monash University","Master of Teaching in Early Years Education",D60011,"Any date if enrolled prior to September 2020",National,Australia,"ACECQA assessed and approved this qualification on 12 February 2015.Monash University was formerly known by a different name: Chisholm Institute of Technology OR State College of Victoria at Frankston."
ECT,"Monash University","Master of Teaching in Early Years and Primary Education",D60012,"Any date if enrolled prior to September 2020",National,Australia,"ACECQA assessed and approved this qualification on 12 February 2015.Monash University was formerly known by a different name: Chisholm Institute of Technology OR State College of Victoria at Frankston."
ECT,"Monash University","Bachelor of Education (Honours) in Early Childhood and Primary Education","D30012 / D30018","Any date if enrolled prior to June 2026",National,Australia,"ACECQA assessed and approved this qualification on 1 October 2019.Monash University was formerly known by a different name: Chisholm Institute of Technology OR State College of Victoria at Frankston."
ECT,"Monash University","Master of Teaching in Early Childhood Education",D60011,"Any date if enrolled prior to June 2026",National,Australia,"ACECQA assessed and approved this qualification on 17 November 2020.Monash University was formerly known by a different name: Chisholm Institute of Technology OR State College of Victoria at Frankston."
ECT,"Monash University","Master of Teaching in Early Childhood and Primary Education",D60012,"Any date if enrolled prior to June 2026",National,Australia,"ACECQA reassessed and reapproved this qualification on 17 November 2020.

Monash University was formerly known by a different name: Chisholm Institute of Technology OR State College of Victoria at Frankston."
ECT,"Monash University","Graduate Diploma of Early Childhood Education",D5005,"Any date before 1 February 2027",National,Australia,"Monash University was formerly known by a different name: Chisholm Institute of Technology OR State College of Victoria at Frankston.

This program includes an embedded Graduate Certificate of Early Childhood Education (D4011). Please note this Graduate Certificate is not an ACECQA approved qualification."
ECT,"Monash University","Master of Teaching in Early Childhood Education",D60011,"Any date if enrolled prior to August 2031",National,Australia,"ACECQA reassessed and reapproved this qualification on 14 August 2026."
ECT,"Monash University","Master of Teaching in Early Childhood and Primary Education",D60012,"Any date if enrolled prior to August 2031",National,Australia,"ACECQA reassessed and reapproved this qualification on 14 August 2026. "
ECT,"Monash University","Bachelor of Education (Honours) in Early Childhood and Primary Education",D30018,"Any date if enrolled prior to August 2031",National,Australia,"ACECQA reassessed and reapproved this qualification on 14 August 2026."
"Certificate III","Montessori World Education Institute (Aust) Inc.","Advanced Certificate Course (Montessori Education)",,"Any date before 1 January 2012",National,Australia,
Diploma,"Montessori World Education Institute (Aust) Inc.","Advanced Diploma of Montessori Studies",,"Any date before 1 January 2012",National,Australia,
ECT,"Montessori World Education Institute (Aust) Inc.","Diploma of Early Childhood and Primary Education (Montessori)",,"Any date if enrolled prior to 1 January 2012",National,Australia,"(with Bachelor of Education as entry requirement)"
Diploma,"Montessori World Education Institute (Aust) Inc.","Diploma of Education (Montessori Education)",,"Any date before 1 January 2017",National,Australia,"Also known as 'Diploma in Education (Montessori Education)'. "
Diploma,"Montessori World Education Institute (Aust) Inc.","Diploma of Education (Montessori Education) combined with the bridging module for the Diploma in Children's Services",,"Any date before 1 January 2012",National,Australia,"Also known as 'Diploma in Education (Montessori Education) combined with the bridging module for the Diploma in Children's Services'."
Diploma,"Montessori World Education Institute (Aust) Inc.","Diploma of Montessori Studies",,"Any date before 1 January 2017",National,Australia,
ECT,"Montessori World Education Institute (Aust) Inc.","Graduate Diploma of Education (Montessori)",,"Any date if enrolled prior to 1 January 2012",National,Australia,"Program must be completed in the Early Childhood 3-6 age grouping. With relevant Australian recognised Bachelor degree from a University as entry requirement. Also previously known as the 'Graduate Diploma in Education (Montessori)'."
Diploma,"Montessori World Education Institute (Aust) Inc.","Diploma of Education (Montessori)",DECPM014,"Any date before December 2021",National,Australia,"ACECQA assessed and approved this qualification on 10 November 2016. The parchment must show a focus on the 0-3/3-6 years age group for Montessori Curriculum. This qualification was previously known as the Diploma of Early Childhood and Primary Education (Montessori)."
ECT,"Montessori World Education Institute (Aust) Inc.","Graduate Diploma of Education (Montessori) with a focus on the 3-6 years age group",GDM015,"Any date if enrolled prior to November 2021",National,Australia,"ACECQA reassessed and reapproved this qualification on 10 November 2016."
Diploma,"Montessori World Education Institute (Aust) Inc.","Diploma of Education (Montessori)",DECPMO14,"Any date before January 2027",National,Australia,"ACECQA assessed and approved this qualification on 13 December 2021. The parchment must show a focus on the 0-3/3-6 years age group for Montessori Curriculum. This qualification was previously known as the Diploma of Early Childhood and Primary Education (Montessori)."
ECT,"Montessori World Education Institute (Aust) Inc.","Graduate Diploma of Education (Montessori)",GDM015,"Any date if enrolled prior to 1 April 2027",National,Australia,"ACECQA reassessed and reapproved this qualification on 6 March 2022. The parchment must show a focus on the 3-6 years age group for Montessori Curriculum."
"Certificate III","Mother's Touch (Pvt) Ltd","Foundation Certificate in Children's Services",,"Any date if enrolled prior to March 2024",National,"Sri Lanka","ACECQA assessed and approved this program 13 February 2019."
Diploma,"Mother's Touch (Pvt) Ltd","Diploma in Child Care Centre Management",MTDC601,"Any date before September 2028",National,"Sri Lanka","ACECQA assessed and approved this qualification on 9 August 2023. This qualification is also known as the Diploma in Childcare Management."
"Certificate III","Mother's Touch (Pvt) Ltd","Certificate for Child Caregiver",,"Any date if enrolled prior to August 2029",National,"Sri Lanka","ACECQA assessed and re approved this program 15 July 2024. This program was also known as the Foundation Certificate in Children's Services and Certificate in Children's Services."
"Certificate III","Mother's Touch Academy for Early Childhood Education","Diploma in Childcare Management",,"Any date before 1 January 2012",Queensland,"Sri Lanka","This qualification was previously assessed by the Queensland Government as being the equivalent to a Certificate III qualification. Individuals seeking to work outside Queensland (or graduated after 1 January 2012) may still be eligible for recognition as a qualified educator if they apply to ACECQA for an assessment of equivalence."
"Certificate III","Mother's Touch Academy for Early Childhood Education","Diploma in Early Childhood Development and Education",,"Any date before 1 January 2012",Queensland,"Sri Lanka","This qualification was previously assessed by the Queensland Government as being the equivalent to a Certificate III qualification. Individuals seeking to work outside Queensland (or graduated after 1 January 2012) may still be eligible for recognition as a qualified educator if they apply to ACECQA for an assessment of equivalence."
ECT,"Mount Gravatt College of Advanced Education","Diploma in Teaching (Preschool and Primary School)",,"Any date if enrolled prior to 1 January 2012",National,Australia,
ECT,"Mount Gravatt Teachers' College","Diploma in Teaching (Preschool and Primary School)",,"Any date if enrolled prior to 1 January 2012",National,Australia,
ECT,"Mount Nelson College of Advanced Education","Bachelor of Education (Early Childhood)",,"Any date if enrolled prior to 1 January 2012",National,Australia,
ECT,"Mount Nelson College of Advanced Education","Diploma of Teaching (Early Childhood Education)",,"Any date if enrolled prior to 1 January 2012",National,Australia,
Diploma,"Mukogawa Women's University","Associate of Arts degree in Early Childhood Education",,"Any date before 1 January 2012",Queensland,Japan,"This qualification was previously assessed by the Queensland Government as being the equivalent to a Diploma qualification. Individuals seeking to work outside Queensland (or graduated after 1 January 2012) may still be eligible for recognition as a qualified educator if they apply to ACECQA for an assessment of equivalence."
ECT,"Murdoch University","Bachelor of Early Childhood Education (0-8)",,"Any date if enrolled prior to 1 January 2012",National,Australia,
ECT,"Murdoch University","Bachelor of Education (Early Childhood 0-8)",B1315,"Any date if enrolled prior to 1 January 2017",National,Australia,
ECT,"Murdoch University","Bachelor of Education (Kindergarten through Primary)",,"Any date if enrolled prior to 1 January 2012",National,Australia,
ECT,"Murdoch University","Bachelor of Education (Primary Teaching)",B1081,"Any date if enrolled prior to 1 January 2017",National,Australia,
ECT,"Murdoch University","Graduate Certificate in Early Childhood Education",C1046,"Any date if enrolled prior to 1 January 2017",National,Australia,
ECT,"Murdoch University","Graduate Certificate in Early Childhood Education and Care",C1099,"Any date if enrolled prior to 1 January 2017",National,Australia,
ECT,"Murdoch University","Graduate Certificate in Education Studies",C1082,"Any date if enrolled prior to 1 January 2017",National,Australia,
ECT,"Murdoch University","Graduate Diploma in Early Childhood Education and Care",G1049,"Any date if enrolled prior to 1 January 2017",National,Australia,
ECT,"Murdoch University","Graduate Diploma in Education Studies (ECE)",G1026,"Any date if enrolled prior to 1 January 2017",National,Australia,
ECT,"Murdoch University","Graduate Diploma in Early Childhood Care and Education",G1066,"Any date if enrolled prior to 1 January 2017",National,Australia,
ECT,"Murdoch University","Graduate Certificate in Early Childhood Care and Education",C1122,"Any date if enrolled prior to 1 January 2017",National,Australia,
ECT,"Murdoch University","Bachelor of Education in Early Childhood and Primary Teaching","B1269 / B1319 / B1383","Any date if enrolled prior to October 2021",National,Australia,"ACECQA assessed and approved this qualification on 28 October 2016."
ECT,"Murdoch University","Graduate Diploma in Education: Early Childhood Education and Care",G1077,"Any date if enrolled prior to December 2021",National,Australia,"ACECQA assessed and approved this qualification on 15 December 2016."
ECT,"Murdoch University","Bachelor of Education (Early Childhood and Primary Teaching)","B1383 / B1405","Any date if enrolled prior to February 2027",National,Australia,"ACECQA assessed and approved this qualification on 21 January 2022."
ECT,"National Academy of Professional Studies","Bachelor of Early Childhood Education (Birth to 5)",117470J,"Any date if enrolled prior to September 2030",National,Australia,"ACECQA assessed and approved this qualification on 10 September 2025."
Diploma,"National Academy of Professional Studies","Diploma of Early Childhood Education (Birth to 5)",117469B,"Any date if enrolled prior to September 2030",National,Australia,"ACECQA assessed and approved this qualification on 10 September 2025."
"Certificate III","National Association for Maternal and Child Welfare","Diploma in Nursery Nursing",,"Any date before 1 January 2012",Queensland,"United Kingdom","This qualification was previously assessed by the Queensland Government as being the equivalent to a Certificate III qualification. Individuals seeking to work outside Queensland (or graduated after 1 January 2012) may still be eligible for recognition as a qualified educator if they apply to ACECQA for an assessment of equivalence."
Diploma,"National Nursery Examination Board","Certificate in Nursery Nursing",,"Any date before 1 January 2012",Queensland,"United Kingdom","This qualification was previously assessed by the Queensland Government as being the equivalent to a Diploma qualification. Individuals seeking to work outside Queensland (or graduated after 1 January 2012) may still be eligible for recognition as a qualified educator if they apply to ACECQA for an assessment of equivalence."
Diploma,"National Nursery Examination Board","Diploma in Nursery Nursing",,"Any date before 1 January 2012",Queensland,"United Kingdom","This qualification was previously assessed by the Queensland Government as being the equivalent to a Diploma qualification. Individuals seeking to work outside Queensland (or graduated after 1 January 2012) may still be eligible for recognition as a qualified educator if they apply to ACECQA for an assessment of equivalence."
Diploma,"National Nursery Examination Board","National Nursery Examination Board Certificate (NNEB)",,"Any date before 1 January 2012",Queensland,"United Kingdom","This qualification was previously assessed by the Queensland Government as being the equivalent to a Diploma qualification. Individuals seeking to work outside Queensland (or graduated after 1 January 2012) may still be eligible for recognition as a qualified educator if they apply to ACECQA for an assessment of equivalence."
"Certificate III","Nav Bharat Education Society","Diploma in Pre-Primary Teacher's Training",,"Any date before 1 January 2012",Queensland,India,"This qualification was previously assessed by the Queensland Government as being the equivalent to a Certificate III qualification. Individuals seeking to work outside Queensland (or graduated after 1 January 2012) may still be eligible for recognition as a qualified educator if they apply to ACECQA for an assessment of equivalence."
"Certificate III","New Zealand Childcare Association","Certificate in Childcare",,"Any date before 1 January 2012",Queensland,"New Zealand","This qualification was previously assessed by the Queensland Government as being the equivalent to a Certificate III qualification. Individuals seeking to work outside Queensland (or graduated after 1 January 2012) may still be eligible for recognition as a qualified educator if they apply to ACECQA for an assessment of equivalence."
"Certificate III","New Zealand Childcare Association","Certificate in Childcare (Pacifica)",,"Any date before 1 January 2012",Queensland,"New Zealand","This qualification was previously assessed by the Queensland Government as being the equivalent to a Certificate III qualification. Individuals seeking to work outside Queensland (or graduated after 1 January 2012) may still be eligible for recognition as a qualified educator if they apply to ACECQA for an assessment of equivalence."
"Certificate III","New Zealand Childcare Association","Certificate in Childcare and Development",,"Any date before 1 January 2012",Queensland,"New Zealand","This qualification was previously assessed by the Queensland Government as being the equivalent to a Certificate III qualification. Individuals seeking to work outside Queensland (or graduated after 1 January 2012) may still be eligible for recognition as a qualified educator if they apply to ACECQA for an assessment of equivalence."
Diploma,"New Zealand Childcare Association","Diploma of Teaching (Early Childhood Education)",,"Any date before 1 January 2012",Queensland,"New Zealand","This qualification was previously assessed by the Queensland Government as being the equivalent to a Diploma qualification. Individuals seeking to work outside Queensland (or graduated after 1 January 2012) may still be eligible for recognition as a qualified educator if they apply to ACECQA for an assessment of equivalence."
Diploma,"New Zealand College of Early Childhood Education","Diploma of Teaching (Early Childhood Education)",,"Any date before 1 January 2012",Queensland,"New Zealand","This qualification was previously assessed by the Queensland Government as being the equivalent to a Diploma qualification. Individuals seeking to work outside Queensland (or graduated after 1 January 2012) may still be eligible for recognition as a qualified educator if they apply to ACECQA for an assessment of equivalence."
"Certificate III","New Zealand College of Early Childhood Education","New Zealand Certificate in Nanny Education (Level 5)",109540,"Any date before 1 January 2012",Queensland,"New Zealand","This qualification was formally known as a National Nanny Certificate. This is stage 1 of Diploma of Teaching (E.C.E). This qualification was previously assessed by the Queensland Government as being the equivalent to a Cerficate III qualification. Individuals seeking to work outside Queensland (or graduated after 1 January 2012) may still be eligible for recognition as a qualified educator if they apply to ACECQA for an assessment of equivalence."
Diploma,"New Zealand Qualifications Authority (NZQA)","Equivalent of a Diploma in Teaching (Early Childhood Education)",,"Any date before 1 January 2012",Queensland,"New Zealand","This qualification was previously assessed by the Queensland Government as being the equivalent to a Diploma qualification. Individuals seeking to work outside Queensland (or graduated after 1 January 2012) may still be eligible for recognition as a qualified educator if they apply to ACECQA for an assessment of equivalence."
"Certificate III","New Zealand Qualifications Authority (NZQA)","National Certificate in Early Childhood Education and Care (Parenting Education)(Level 3)",,"Any date before 1 January 2012",Queensland,"New Zealand","This qualification was previously assessed by the Queensland Government as being the equivalent to a Certificate III qualification. Individuals seeking to work outside Queensland (or graduated after 1 January 2012) may still be eligible for recognition as a qualified educator if they apply to ACECQA for an assessment of equivalence."
Diploma,"New Zealand Tertiary College","Diploma of Teaching (Early Childhood Education)",,"Any date before 1 January 2012",Queensland,"New Zealand","This qualification was previously assessed by the Queensland Government as being the equivalent to a Diploma qualification. Individuals seeking to work outside Queensland (or graduated after 1 January 2012) may still be eligible for recognition as a qualified educator if they apply to ACECQA for an assessment of equivalence."
Diploma,"New Zealand Tertiary College","Diploma of Teaching (Early Childhood)",,"Any date before 1 January 2012",Queensland,"New Zealand","This qualification was previously assessed by the Queensland Government as being the equivalent to a Diploma qualification. Individuals seeking to work outside Queensland (or graduated after 1 January 2012) may still be eligible for recognition as a qualified educator if they apply to ACECQA for an assessment of equivalence."
Diploma,"New Zealand Tertiary College","Early Childhood Teachers Certificate",,"Any date before 1 January 2012",Queensland,"New Zealand","This qualification was previously assessed by the Queensland Government as being the equivalent to a Diploma qualification. Individuals seeking to work outside Queensland (or graduated after 1 January 2012) may still be eligible for recognition as a qualified educator if they apply to ACECQA for an assessment of equivalence."
ECT,"New Zealand Tertiary College","Bachelor of Teaching (Early Childhood Education)",PC9727,"Any date if enrolled prior to February 2019",National,"New Zealand","ACECQA assessed and approved this program on 12 February 2014."
ECT,"New Zealand Tertiary College","Graduate Diploma in Teaching (Early Childhood Education)",PC8619,"Any date if enrolled prior to May 2019",National,"New Zealand","ACECQA assessed and approved this program on 2 May 2014."
Diploma,"New Zealand Tertiary College","Certificate in Early Childhood Teaching",PC2773,"Any date before September 2021",National,"New Zealand","ACECQA assessed and approved this qualification on 23 August 2016."
Diploma,"New Zealand Tertiary College","Certificate in Early Childhood Education",PC9774,"Any date before September 2021",National,"New Zealand","ACECQA assessed and approved this qualification on 23 August 2016."
ECT,"New Zealand Tertiary College","Bachelor of Teaching (Early Childhood Education)",PC9727,"Any date if enrolled prior to February 2024",National,"New Zealand","ACECQA assessed and approved this program on 31 January 2019."
ECT,"New Zealand Tertiary College","Graduate Diploma in Teaching (Early Childhood Education)",PC8619,"Any date if enrolled prior to February 2024",National,"New Zealand","ACECQA assessed and approved this program on 31 January 2019."
ECT,"New Zealand Tertiary College","Bachelor of Teaching (Early Childhood Education)",PC2000,"Any date if enrolled before September 2029",National,"New Zealand","ACECQA reassessed and reapproved this program on 19 August 2024"
ECT,"New Zealand Tertiary College","Graduate Diploma in Teaching (Early Childhood Education)",PC2001,"Any date if enrolled before September 2029",National,"New Zealand","ACECQA reassessed and reapproved this program on 19 August 2024"
ECT,"New Zealand Tertiary College","Master of Teaching and Learning (Early Childhood Education)",PC8000,"Any date if enrolled before April 2030",National,"New Zealand","ACECQA assessed and approved this qualification on 15 April 2025"
ECT,"Newcastle College of Advanced Education","Bachelor of Education (Early Childhood)",,"Any date if enrolled prior to 1 January 2012",National,Australia,
ECT,"Newcastle College of Advanced Education","Diploma in Teaching (Primary Education) with specialisation in Early Childhood Education",,"Any date if enrolled prior to 1 January 2012",National,Australia,
ECT,"Newcastle College of Advanced Education","Diploma of Teaching (Early Childhood Education)",,"Any date if enrolled prior to 1 January 2012",National,Australia,"Also known as the Diploma in Teaching (Early Childhood Education)."
ECT,"Newcastle College of Advanced Education","Diploma of Teaching (Early Childhood)",,"Any date if enrolled prior to 1 January 2012",National,Australia,
ECT,"Newcastle University","Bachelor of Teaching/ Bachelor of Social Science with specialisation in Early Childhood",,"Any date if enrolled prior to 1 January 2012",National,Australia,
ECT,"Newcastle University","Diploma of Teaching (Early Childhood)",,"Any date if enrolled prior to 1 January 2012",National,Australia,
Diploma,Ngala,"Mother Craft Nurse",,"Any date before 1 January 2017",National,Australia,
Diploma,"Ngee Ann Polytechnic","Specialist Diploma in Early Childhood Education",,"Any date before 1 January 2012",Queensland,Singapore,"This qualification was previously assessed by the Queensland Government as being the equivalent to a Diploma qualification. Individuals seeking to work outside Queensland (or graduated after 1 January 2012) may still be eligible for recognition as a qualified educator if they apply to ACECQA for an assessment of equivalence."
Diploma,"Night School of the District of Parchim","State Recognised Educationalist",,"Any date before 1 January 2012",Queensland,Germany,"This qualification was previously assessed by the Queensland Government as being the equivalent to a Diploma qualification. Individuals seeking to work outside Queensland (or graduated after 1 January 2012) may still be eligible for recognition as a qualified educator if they apply to ACECQA for an assessment of equivalence."
Diploma,"Nippon College of Physical Education Women's Junior College","Certificate of Graduation - Associate Degree in Early Childhood Education",,"Any date before 1 January 2012",Queensland,Japan,"This qualification was previously assessed by the Queensland Government as being the equivalent to a Diploma qualification. Individuals seeking to work outside Queensland (or graduated after 1 January 2012) may still be eligible for recognition as a qualified educator if they apply to ACECQA for an assessment of equivalence."
Diploma,"North Metropolitan TAFE","Associate Degree of Education (Early Childhood)","ADEC10, H412","Any date before May 2019",National,Australia,"ACECQA assessed and approved this qualification on 7 April 2014."
Diploma,"North Point Institute of TAFE","Diploma of Children's Services (Home-based/Family Day Care)",,"Any date before 1 January 2017",National,Australia,
Diploma,"North West Institute of TAFE","Associate Diploma of Social Science (Child Care)",,"Any date before 1 January 2017",National,Australia,
Diploma,"Northern Lights College","Certificate in Early Childhood Education",,"Any date before 1 January 2012",Queensland,Canada,"This qualification was previously assessed by the Queensland Government as being the equivalent to a Diploma qualification. Individuals seeking to work outside Queensland (or graduated after 1 January 2012) may still be eligible for recognition as a qualified educator if they apply to ACECQA for an assessment of equivalence."
Diploma,"Northern Territory Darwin Community College","Certificate in Child Care Studies",,"Any date before 1 January 2017",National,Australia,"Northern Territory Darwin Community College was also known by a different name: Darwin Institute of Technology (DIT)"
Diploma,"Northern Territory Open College of TAFE","Associate Diploma of Education",,"Any date before 1 January 2012",National,Australia,"Also known as 'Associate Diploma in Education'."
ECT,"Northern Territory University","Bachelor of Children's Services",,"Any date if enrolled prior to 1 January 2012",National,Australia,
ECT,"Northern Territory University","Bachelor of Education (Preservice)",,"Any date if enrolled prior to 1 January 2012",National,Australia,
ECT,"Northern Territory University","Bachelor of Teaching (Primary and Early Childhood)",,"Any date if enrolled prior to 1 January 2012",National,Australia,
ECT,"Northern Territory University","Diploma of Teaching (Primary and Early Childhood)",,"Any date if enrolled prior to 1 January 2012",National,Australia,
Diploma,"Northshore Teachers' College","Diploma in Teaching (Early Childhood Education)",,"Any date before 1 January 2012",Queensland,"New Zealand","This qualification was previously assessed by the Queensland Government as being the equivalent to a Diploma qualification. Individuals seeking to work outside Queensland (or graduated after 1 January 2012) may still be eligible for recognition as a qualified educator if they apply to ACECQA for an assessment of equivalence."
"Anaphylaxis Management only","NSW Department of Education","Anaphylaxis e-learning program",APTSs,"Any date before 1 June 2022",National,Australia,"ACECQA assessed and approved this program on 9 January 2015. This qualification only satisfies the requirements for anaphylaxis management training.

NSW Department of Education was formerly known by a different name: NSW Department of Education and Communities."
"First Aid, Asthma and Anaphylaxis","NSW Department of Education","NSW Department of Education First Aid Preschool Package",,"Any date before 1 June 2025",National,Australia,"ACECQA assessed and approved this program on 17 May 2022. Individuals must show evidence of holding current training in ALL of the following units of competency and training courses:
- HLTAID011 - Provide First Aid
- HLTAID009 - Provide Cardiopulmonary Resuscitation
- NSW Department of Education - e-Emergency Care Course
- NSW Department of Education - Anaphylaxis Management Course
- Recognition and management of anaphylaxis program (RAMOAP) delivered by an Australian registered training organisation.

NSW Department of Education was formerly known by a different name: NSW Department of Education and Communities."
ECT,"Nursery School Teachers' College","Diploma awarded by the Nursery School Teachers College",,"Any date if enrolled prior to 1 January 2012",National,Australia,"Also known as the Nursery School Diploma. Also awarded by the Nursery School Training College."
ECT,"Nursery School Teachers' College","Diploma of Teaching",,"Any date if enrolled prior to 1 January 2012",National,Australia,
ECT,"Nursery School Teachers' College","Diploma of Teaching (Early Childhood Education)",,"Any date if enrolled prior to 1 January 2012",National,Australia,
Diploma,"Odense Socialpaedagogiske Seminarium",Socialpaedagog,,"Any date before 1 January 2012",Queensland,Denmark,"This qualification was previously assessed by the Queensland Government as being the equivalent to a Diploma qualification. Individuals seeking to work outside Queensland (or graduated after 1 January 2012) may still be eligible for recognition as a qualified educator if they apply to ACECQA for an assessment of equivalence."
Diploma,"Ohio State University","Master of Arts (Educational Theory and Practice-Early and Middle Childhood)",,"Any date before 1 January 2012",Queensland,"United States of America","This qualification was previously assessed by the Queensland Government as being the equivalent to a Diploma qualification. Individuals seeking to work outside Queensland (or graduated after 1 January 2012) may still be eligible for recognition as a qualified educator if they apply to ACECQA for an assessment of equivalence."
Diploma,"Open Learning Institute of TAFE","Diploma (Child Care and Education)",,"Any date before 1 January 2017",National,Australia,"Awarding institutions may also have been referred to as 'Queensland College of TAFE'."
Diploma,"Open Polytechnic of New Zealand","Diploma in Teaching (Early Childhood Education)",,"Any date before 1 January 2012",Queensland,"New Zealand","This qualification was previously assessed by the Queensland Government as being the equivalent to a Diploma qualification. Individuals seeking to work outside Queensland (or graduated after 1 January 2012) may still be eligible for recognition as a qualified educator if they apply to ACECQA for an assessment of equivalence."
Diploma,"Open University","Certificate in Early Years Practice",,"Any date before 1 January 2012",Queensland,"United Kingdom","This qualification was previously assessed by the Queensland Government as being the equivalent to a Diploma qualification. Individuals seeking to work outside Queensland (or graduated after 1 January 2012) may still be eligible for recognition as a qualified educator if they apply to ACECQA for an assessment of equivalence."
Diploma,"Open University of Sri Lanka","Advanced Certificate in Pre-School Education",,"Any date before 1 January 2012",Queensland,"Sri Lanka","This qualification was previously assessed by the Queensland Government as being the equivalent to a Diploma qualification. Individuals seeking to work outside Queensland (or graduated after 1 January 2012) may still be eligible for recognition as a qualified educator if they apply to ACECQA for an assessment of equivalence."
"Certificate III","Open University of Sri Lanka","Certificate in Pre-School Education",,"Any date before 1 January 2012",Queensland,"Sri Lanka","This qualification was previously assessed by the Queensland Government as being the equivalent to a Certificate III qualification. Individuals seeking to work outside Queensland (or graduated after 1 January 2012) may still be eligible for recognition as a qualified educator if they apply to ACECQA for an assessment of equivalence."
Diploma,"Orebo College","University Certificate in Nursery and Infant Education",,"Any date before 1 January 2012",Queensland,Sweden,"This qualification was previously assessed by the Queensland Government as being the equivalent to a Diploma qualification. Individuals seeking to work outside Queensland (or graduated after 1 January 2012) may still be eligible for recognition as a qualified educator if they apply to ACECQA for an assessment of equivalence."
Diploma,"Orlando Vocational Technical Centre","Child Development Associate",,"Any date before 1 January 2012",Queensland,"United States of America","This qualification was previously assessed by the Queensland Government as being the equivalent to a Diploma qualification. Individuals seeking to work outside Queensland (or graduated after 1 January 2012) may still be eligible for recognition as a qualified educator if they apply to ACECQA for an assessment of equivalence."
Diploma,"Osaka Chiyoda Junior College","Certificate of Qualification as a Childcare Worker",,"Any date before 1 January 2012",Queensland,Japan,"This qualification was previously assessed by the Queensland Government as being the equivalent to a Diploma qualification. Individuals seeking to work outside Queensland (or graduated after 1 January 2012) may still be eligible for recognition as a qualified educator if they apply to ACECQA for an assessment of equivalence."
Diploma,"Osaka Christian College","Kindergarten Teacher Qualification Certificate",,"Any date before 1 January 2012",Queensland,Japan,"This qualification was previously assessed by the Queensland Government as being the equivalent to a Diploma qualification. Individuals seeking to work outside Queensland (or graduated after 1 January 2012) may still be eligible for recognition as a qualified educator if they apply to ACECQA for an assessment of equivalence."
Diploma,"Oxford Brookes University","Foundation degree in Arts (Early Years Sector)",,"Any date before 1 January 2012",Queensland,"United Kingdom","This qualification was previously assessed by the Queensland Government as being the equivalent to a Diploma qualification. Individuals seeking to work outside Queensland (or graduated after 1 January 2012) may still be eligible for recognition as a qualified educator if they apply to ACECQA for an assessment of equivalence."
ECT,"Ozford Institute of Higher Education Pty Ltd","Master of Teaching (Early Childhood)",MTEC,"Any date if enrolled prior to November 2030",National,Australia,"ACECQA assessed and approved this qualification on 3 November 2025."
ECT,"Ozford Institute of Higher Education Pty Ltd","Graduate Diploma in Early Childhood Education",GDECE,"Any date if enrolled prior to November 2030",National,Australia,"ACECQA assessed and approved this qualification on 3 November 2025."
Diploma,"Palmerston North College of Education","Diploma of Teaching (Early Childhood Education)",,"Any date before 1 January 2012",Queensland,"New Zealand","This qualification was previously assessed by the Queensland Government as being the equivalent to a Diploma qualification. Individuals seeking to work outside Queensland (or graduated after 1 January 2012) may still be eligible for recognition as a qualified educator if they apply to ACECQA for an assessment of equivalence."
Diploma,"Pam Arnold Centre","Diploma of Child Care",,"Any date before 1 January 2017",National,Australia,"Also known as 'Diploma in Child Care'."
Diploma,"Paulista University","Diploma (Pedagogy) (Kindergarten/Elementary School Teacher Training)",,"Any date before 1 January 2012",Queensland,Brazil,"This qualification was previously assessed by the Queensland Government as being the equivalent to a Diploma qualification. Individuals seeking to work outside Queensland (or graduated after 1 January 2012) may still be eligible for recognition as a qualified educator if they apply to ACECQA for an assessment of equivalence."
Diploma,"Paulista University","Pedagogy Diploma majoring in Early Childhood and primary School Teaching (Years 1 to 40 with title of Licensed teacher",,"Any date before 1 January 2012",Queensland,Brazil,"This qualification was previously assessed by the Queensland Government as being the equivalent to a Diploma qualification. Individuals seeking to work outside Queensland (or graduated after 1 January 2012) may still be eligible for recognition as a qualified educator if they apply to ACECQA for an assessment of equivalence."
Diploma,"Pestalozzi-Frobel-Haus, Technical College for Education Science and Pedagogic","Diploma of Childcare Worker",,"Any date before 1 January 2012",Queensland,Germany,"This qualification was previously assessed by the Queensland Government as being the equivalent to a Diploma qualification. Individuals seeking to work outside Queensland (or graduated after 1 January 2012) may still be eligible for recognition as a qualified educator if they apply to ACECQA for an assessment of equivalence."
ECT,"Phillip Institute of Technology","Bachelor of Education (Early Childhood)",,"Any date if enrolled prior to 1 January 2012",National,Australia,
ECT,"Phillip Institute of Technology","Diploma of Teaching (Early Childhood Education)",,"Any date if enrolled prior to 1 January 2012",National,Australia,
Diploma,"Pinellas' Technical Education Centre","Diploma in Child Care",,"Any date before 1 January 2012",Queensland,"United States of America","This qualification was previously assessed by the Queensland Government as being the equivalent to a Diploma qualification. Individuals seeking to work outside Queensland (or graduated after 1 January 2012) may still be eligible for recognition as a qualified educator if they apply to ACECQA for an assessment of equivalence."
"Certificate III","Plunkett Society New Zealand","Karitane Baby Nurse",,"Any date before 1 January 2012",Queensland,"New Zealand","This qualification was previously assessed by the Queensland Government as being the equivalent to a Certificate III qualification. Individuals seeking to work outside Queensland (or graduated after 1 January 2012) may still be eligible for recognition as a qualified educator if they apply to ACECQA for an assessment of equivalence."
"Certificate III","Polytechnic for Women","Nursery Teacher'sTraining Diploma",,"Any date before 1 January 2012",Queensland,India,"This qualification was previously assessed by the Queensland Government as being the equivalent to a Certificate III qualification. Individuals seeking to work outside Queensland (or graduated after 1 January 2012) may still be eligible for recognition as a qualified educator if they apply to ACECQA for an assessment of equivalence."
ECT,"Polytechnic Institute Australia","Graduate Diploma of Early Childhood Education",GDECE,"Any date if enrolled prior to April 2030",National,Australia,"ACECQA assessed and approved this program on 23 April 2025."
Diploma,"Pontifical Catholic University of Chile","Licenciada en Educacion (Degree in Education) with title of Nursery School Educator",,"Any date before 1 January 2012",Queensland,Chile,"This qualification was previously assessed by the Queensland Government as being the equivalent to a Diploma qualification. Individuals seeking to work outside Queensland (or graduated after 1 January 2012) may still be eligible for recognition as a qualified educator if they apply to ACECQA for an assessment of equivalence."
Diploma,"Pontifical Catholic University of Peru","Professional degree in Education (Major:Pre-School Education)(Titulo de Licenciado en Educacion)",,"Any date before 1 January 2012",Queensland,Peru,"This qualification was previously assessed by the Queensland Government as being the equivalent to a Diploma qualification. Individuals seeking to work outside Queensland (or graduated after 1 January 2012) may still be eligible for recognition as a qualified educator if they apply to ACECQA for an assessment of equivalence."
Diploma,"Potchefstroom College of Education","Higher Education Diploma in Junior and Pre-Primary Education",,"Any date before 1 January 2012",Queensland,"South Africa","This qualification was previously assessed by the Queensland Government as being the equivalent to a Diploma qualification. Individuals seeking to work outside Queensland (or graduated after 1 January 2012) may still be eligible for recognition as a qualified educator if they apply to ACECQA for an assessment of equivalence."
Diploma,"Pre-School Teachers' College Meerilinga","Child Care Certificate",,"Any date before 1 January 2017",National,Australia,
Diploma,"Preschool Learning Alliance","Diploma in Pre-school Practice",,"Any date before 1 January 2012",Queensland,"United Kingdom","This qualification was previously assessed by the Queensland Government as being the equivalent to a Diploma qualification. Individuals seeking to work outside Queensland (or graduated after 1 January 2012) may still be eligible for recognition as a qualified educator if they apply to ACECQA for an assessment of equivalence."
Diploma,"Preschool Learning Alliance","Diploma in Pre-school Practice",,"Any date before 1 January 2012",Queensland,"United Kingdom","This qualification was previously assessed by the Queensland Government as being the equivalent to a Diploma qualification. Individuals seeking to work outside Queensland (or graduated after 1 January 2012) may still be eligible for recognition as a qualified educator if they apply to ACECQA for an assessment of equivalence."
Diploma,"Preschool Teacher Training College 'Mihailo Palov' - Vrsac","Higher Education Diploma with title of Professional Preschool Teacher",,"Any date before 1 January 2012",Queensland,Serbia,"This qualification was previously assessed by the Queensland Government as being the equivalent to a Diploma qualification. Individuals seeking to work outside Queensland (or graduated after 1 January 2012) may still be eligible for recognition as a qualified educator if they apply to ACECQA for an assessment of equivalence."
"Certificate III","Private State-Approved Technical School of Social Pedagogics, Bad Bergzabern","State - Approved Educator (Social Educator)",,"Any date before 1 January 2012",Queensland,Germany,"This qualification was previously assessed by the Queensland Government as being the equivalent to a Certificate III qualification. Individuals seeking to work outside Queensland (or graduated after 1 January 2012) may still be eligible for recognition as a qualified educator if they apply to ACECQA for an assessment of equivalence."
"Certificate III","Professional Child Care College","Level 4 National Certificate Early Childhood Development",23116,"Any date before 1 January 2012",Queensland,"South Africa","This qualification was previously assessed by the Queensland Government as being the equivalent to a Certificate III qualification. Individuals seeking to work outside Queensland (or graduated after 1 January 2012) may still be eligible for recognition as a qualified educator if they apply to ACECQA for an assessment of equivalence."
Diploma,"Professional Child Care College","Level 5 Higher Certificate Early Childhood Development",23117,"Any date before 1 January 2012",Queensland,"South Africa","This qualification was previously assessed by the Queensland Government as being the equivalent to a Diploma qualification. Individuals seeking to work outside Queensland (or graduated after 1 January 2012) may still be eligible for recognition as a qualified educator if they apply to ACECQA for an assessment of equivalence."
"Certificate III","Professional College of the city of Agriz, Tatarstan","Teacher-tutor of a Kindergarten",,"Any date before 1 January 2012",Queensland,Russia,"This qualification was previously assessed by the Queensland Government as being the equivalent to a Certificate III qualification. Individuals seeking to work outside Queensland (or graduated after 1 January 2012) may still be eligible for recognition as a qualified educator if they apply to ACECQA for an assessment of equivalence."
Diploma,"Proteus Technologies Pty Ltd (trading as Ikon Institute of Australia)","Diploma of Early Childhood Education",,"Any date if enrolled prior to September 2025",National,Australia,"ACECQA assessed and approved this qualification on 5 June 2020.Proteus Technologies Pty Ltd (trading as Ikon Institute of Australia) was also known as Proteus Technologies Pty Ltd (trading as Ikon Institute)."
ECT,"Proteus Technologies Pty Ltd (trading as Ikon Institute of Australia)","Bachelor of Early Childhood Education",,"Any date if enrolled prior to September 2025",National,Australia,"ACECQA assessed and approved this qualification on 5 June 2020.Proteus Technologies Pty Ltd (trading as Ikon Institute of Australia) was also known as Proteus Technologies Pty Ltd (trading as Ikon Institute)."
ECT,"Proteus Technologies Pty Ltd (trading as Ikon Institute of Australia)","Master of Teaching (Early Childhood)",CRS1401671,"Any date if enrolled prior to March 2030",National,Australia,"ACECQA assessed and approved this qualification on 25 February 2025.Proteus Technologies Pty Ltd (trading as Ikon Institute of Australia) was also known as Proteus Technologies Pty Ltd (trading as Ikon Institute)."
ECT,"Proteus Technologies Pty Ltd (trading as Ikon Institute of Australia)","Bachelor of Early Childhood Education",CRS1400715,"Any date if enrolled prior to August 2030",National,Australia,"ACECQA reassessed and reapproved this qualification on 19 August 2025.Proteus Technologies Pty Ltd (trading as Ikon Institute of Australia) was also known as Proteus Technologies Pty Ltd (trading as Ikon Institute)."
Diploma,"Proteus Technologies Pty Ltd (trading as Ikon Institute of Australia)","Diploma of Early Childhood Education",CRS1400720,"Any date if enrolled prior to October 2030",National,Australia,"ACECQA reassessed and reapproved this qualification on 9 October 2025.Proteus Technologies Pty Ltd (trading as Ikon Institute of Australia) was also known as Proteus Technologies Pty Ltd (trading as Ikon Institute)."
Diploma,"Punjab Agricultural University","Bachelor of Home Science in Child Development",,"Any date before 1 January 2012",Queensland,India,"This qualification was previously assessed by the Queensland Government as being the equivalent to a Diploma qualification. Individuals seeking to work outside Queensland (or graduated after 1 January 2012) may still be eligible for recognition as a qualified educator if they apply to ACECQA for an assessment of equivalence."
Diploma,"Punjab Agricultural University","Bachelor of Science (Home Science) Honours in Child Development",,"Any date before 1 January 2012",Queensland,India,"This qualification was previously assessed by the Queensland Government as being the equivalent to a Diploma qualification. Individuals seeking to work outside Queensland (or graduated after 1 January 2012) may still be eligible for recognition as a qualified educator if they apply to ACECQA for an assessment of equivalence."
Diploma,"Punjab University","Master of Science in Child Development",,"Any date before 1 January 2012",Queensland,India,"This qualification was previously assessed by the Queensland Government as being the equivalent to a Diploma qualification. Individuals seeking to work outside Queensland (or graduated after 1 January 2012) may still be eligible for recognition as a qualified educator if they apply to ACECQA for an assessment of equivalence."
Diploma,QQI/FETAC,"Level 5 Certificate in Early Childhood Care and Education",5M2009,"Any date",National,Ireland,"ACECQA assessed and approved this qualification on 7 April 2014."
Diploma,QQI/FETAC,"Level 6 Advanced Certificate in Early Childhood Care and Education",6M2007,"Any date",National,Ireland,"ACECQA assessed and approved this qualification on 16 September 2014."
Diploma,QQI/FETAC,"Level 5 Certificate in Childcare",DCHSC,"Any date before 1 January 2017",National,Ireland,"ACECQA assessed and approved this qualification on 17 February 2016."
Diploma,QQI/FETAC,"Level 6 Advanced Certificate in Supervision in Childcare",DCXXX,"Any date before September 2022",National,Ireland,"ACECQA assessed and approved this qualification on 14 August 2017."
ECT,"Queensland University of Technology","Bachelor of Early Childhood","ED83 / ED44","Any date if enrolled prior to 1 January 2017",National,Australia,
ECT,"Queensland University of Technology","Bachelor of Early Childhood Studies","ED82, ED43","Any date if enrolled prior to 1 January 2017",National,Australia,
ECT,"Queensland University of Technology","Bachelor of Education (Inservice)",ED26,"Any date if enrolled prior to 1 January 2017",National,Australia,"Transcript must show that individual completed the eight Early Childhood Studies subjects required for the DETA Early Childhood Cohort."
ECT,"Queensland University of Technology","Bachelor of Education (Early Childhood) - Graduate",ED97,"Any date if enrolled prior to 1 January 2017",National,Australia,
ECT,"Queensland University of Technology","Bachelor of Education (Pre-service Early Childhood)","ED93, ED53","Any date if enrolled prior to 1 January 2017",National,Australia,
ECT,"Queensland University of Technology","Bachelor of Education (Pre-service) - Graduate - Early Childhood",ED57,"Any date if enrolled prior to 1 January 2017",National,Australia,
ECT,"Queensland University of Technology","Bachelor of Teaching (Early Childhood)",,"Any date if enrolled prior to 1 January 2012",National,Australia,
ECT,"Queensland University of Technology","Bachelor of Teaching (Primary) with major specialisation in Early Childhood Education",,"Any date if enrolled prior to 1 January 2012",National,Australia,
ECT,"Queensland University of Technology","Diploma of Education (Early Childhood)",,"Any date if enrolled prior to 1 January 2012",National,Australia,
ECT,"Queensland University of Technology","Diploma of Teaching (Primary) with major specialisation in Early Childhood Education",,"Any date if enrolled prior to 1 January 2012",National,Australia,
ECT,"Queensland University of Technology","Graduate Bachelor of Education (Early Childhood)",,"Any date if enrolled prior to 1 January 2012",National,Australia,
ECT,"Queensland University of Technology","Graduate Diploma in Education (Early Years)",ED38,"Any date if enrolled prior to 1 January 2017",National,Australia,
ECT,"Queensland University of Technology","Graduate Diploma in Education (Early Childhood Education)",,"Any date if enrolled prior to 1 January 2012",National,Australia,
ECT,"Queensland University of Technology","Graduate Diploma in Education (Early Childhood Teaching)",,"Any date if enrolled prior to 1 January 2012",National,Australia,
ECT,"Queensland University of Technology","Graduate Diploma in Education (Early Childhood)",,"Any date if enrolled prior to 1 January 2012",National,Australia,
ECT,"Queensland University of Technology","Graduate Diploma in Education (Pre-service Early Childhood)",,"Any date if enrolled prior to 1 January 2012",National,Australia,
ECT,"Queensland University of Technology","Graduate Diploma of Education (Early Childhood)",,"Any date if enrolled prior to 1 January 2012",National,Australia,
ECT,"Queensland University of Technology","Master of Education (Early Childhood Teaching)","ED79, EU70, EU72","Any date if enrolled prior to August 2022",National,Australia,"ACECQA reassessed and reapproved this program on 4 August 2017. The Master of Education (Early Years) EU70 is not an ACECQA approved qualification."
ECT,"Queensland University of Technology","Master of Learning Innovation (Early Childhood Teaching)",,"Any date if enrolled prior to 1 January 2012",National,Australia,
ECT,"Queensland University of Technology","Master of Learning Innovation (Early Years)",,"Any date if enrolled prior to 1 January 2012",National,Australia,
ECT,"Queensland University of Technology","Master of Teaching (Early Childhood)","EU30, ED17","Any date if enrolled prior to October 2023",National,Australia,"ACECQA reassessed and reapproved this program on 9 October 2018."
ECT,"Queensland University of Technology","Bachelor of Education (Early Childhood)","ED39 / ED92 / ED52","Any date if enrolled prior to September 2018",National,Australia,"ACECQA reassessed and reapproved this program on 20 August 2013."
ECT,"Queensland University of Technology","Bachelor of Education (Early Childhood)",ED39,"Any date if enrolled prior to May 2024",National,Australia,"ACECQA assessed and approved this qualification on 11 February 2019."
ECT,"Queensland University of Technology","Master of Teaching (Early Childhood)",EU30,"Any date if enrolled prior to March 2028",National,Australia,"ACECQA assessed and approved this qualification on 24 February 2023."
ECT,"Queensland University of Technology","Bachelor of Education (Early Childhood)",ED39,"Any date if enrolled prior to June 2029",National,Australia,"ACECQA reassessed and approved this qualification on 22 May 2024"
ECT,"Queensland University of Technology","Bachelor of Early Childhood Education (Birth to Five)",ED34,"Any date if enrolled prior to February 2030",National,Australia,"ACECQA assessed and approved this qualification on 15 January 2025."
"Certificate III","Rangi Ruru Early Childhood College","Certificate in Early Childhood Education and Care",,"Any date before 1 January 2012",Queensland,"New Zealand","This qualification was previously assessed by the Queensland Government as being the equivalent to a Certificate III qualification. Individuals seeking to work outside Queensland (or graduated after 1 January 2012) may still be eligible for recognition as a qualified educator if they apply to ACECQA for an assessment of equivalence."
Diploma,"Regional Training and Resource Centre in Early Childhood and Education for Asia","Only approved as a combination of both qualifications - Certificate in Pre-school Teaching and Diploma in Preschool Education - Teaching",,"Any date before 1 January 2012",Queensland,Singapore,"This qualification was previously assessed by the Queensland Government as being the equivalent to a Diploma qualification. Individuals seeking to work outside Queensland (or graduated after 1 January 2012) may still be eligible for recognition as a qualified educator if they apply to ACECQA for an assessment of equivalence."
Diploma,"Regional Training and Resource Centre in Early Childhood Care and Education for Asia","Specialist Diploma in Early Childhood Care Education",,"Any date before 1 January 2012",Queensland,Singapore,"This qualification was previously assessed by the Queensland Government as being the equivalent to a Diploma qualification. Individuals seeking to work outside Queensland (or graduated after 1 January 2012) may still be eligible for recognition as a qualified educator if they apply to ACECQA for an assessment of equivalence."
Diploma,"Registered Nurses Registration Act 1953","Enrolled Nurse (Mothercraft)",,"Any date before 1 January 2017",National,Australia,
Diploma,"Republic Colleges Guinobatan, Albay","Bachelor of Science in Elementary Education",,"Any date before 1 January 2012",Queensland,Philippines,"This qualification was previously assessed by the Queensland Government as being the equivalent to a Diploma qualification. Individuals seeking to work outside Queensland (or graduated after 1 January 2012) may still be eligible for recognition as a qualified educator if they apply to ACECQA for an assessment of equivalence."
ECT,"Riverina College of Advanced Education","Bachelor of Education (Early Childhood)",,"Any date if enrolled prior to 1 January 2012",National,Australia,
ECT,"Riverina College of Advanced Education","Diploma of Teaching (Early Childhood Education)",,"Any date if enrolled prior to 1 January 2012",National,Australia,
ECT,"Riverina College of Advanced Education","Diploma of Teaching (Early Childhood)",,"Any date if enrolled prior to 1 January 2012",National,Australia,
Diploma,"Robert Wetzlar Vocational College","State Recognised Educator",,"Any date before 1 January 2012",Queensland,Germany,"This qualification was previously assessed by the Queensland Government as being the equivalent to a Diploma qualification. Individuals seeking to work outside Queensland (or graduated after 1 January 2012) may still be eligible for recognition as a qualified educator if they apply to ACECQA for an assessment of equivalence."
"Anaphylaxis Management only","Royal Children's Hospital Melbourne","Management & Prevention of Allergy & Anaphylaxis",,"Any date before 27 November 2019",National,Australia,"ACECQA assessed and approved this program on 27 November 2014. This course satisfies the requirements for anaphylaxis management training."
"Anaphylaxis Management only","Royal Children's Hospital Melbourne","Management & Prevention of Allergic Reactions & Anaphylaxis",,"Any date before 28 February 2025",National,Australia,"ACECQA assessed and approved this program on 6 November 2019. This course satisfies the requirements for anaphylaxis management training."
ECT,"Royal Melbourne Institute of Technology","Bachelor of Education",,"Any date if enrolled prior to 1 January 2017",National,Australia,"Transcript must show that the program was completed in the early childhood stream. Known codes for this qualification, but not limited to, include: BP046 and BP045.

Royal Melbourne Institute of Technology was formerly known by a different name: Phillip Institute of Technology OR State College of Victoria at Coburg."
ECT,"Royal Melbourne Institute of Technology","Bachelor of Education (Early Childhood)",,"Any date if enrolled prior to 1 January 2012",National,Australia,"Royal Melbourne Institute of Technology was formerly known by a different name: Phillip Institute of Technology OR State College of Victoria at Coburg."
ECT,"Royal Melbourne Institute of Technology","Bachelor of Teaching (Early Childhood Education)",,"Any date if enrolled prior to 1 January 2012",National,Australia,"Royal Melbourne Institute of Technology was formerly known by a different name: Phillip Institute of Technology OR State College of Victoria at Coburg."
ECT,"Royal Melbourne Institute of Technology","Bachelor of Teaching (Early Childhood Education) with Advanced Standing",,"Any date if enrolled prior to 1 January 2012",National,Australia,"Royal Melbourne Institute of Technology was formerly known by a different name: Phillip Institute of Technology OR State College of Victoria at Coburg."
ECT,"Royal Melbourne Institute of Technology","Diploma of Teaching (Early Childhood Education)",,"Any date if enrolled prior to 1 January 2012",National,Australia,"Also known 'Diploma in Teaching (Early Childhood Education)'.

Royal Melbourne Institute of Technology was formerly known by a different name: Phillip Institute of Technology OR State College of Victoria at Coburg."
ECT,"Royal Melbourne Institute of Technology","Graduate Certificate in Early Childhood Teaching",,"Any date if enrolled prior to 1 January 2012",National,Australia,"Royal Melbourne Institute of Technology was formerly known by a different name: Phillip Institute of Technology OR State College of Victoria at Coburg."
ECT,"Royal Melbourne Institute of Technology","Graduate Diploma in Early Childhood Education",,"Any date if enrolled prior to 1 January 2012",National,Australia,"Royal Melbourne Institute of Technology was formerly known by a different name: Phillip Institute of Technology OR State College of Victoria at Coburg."
ECT,"Royal Melbourne Institute of Technology","Graduate Diploma in Early Childhood Teaching",GD034,"Any date if enrolled prior to 1 January 2017",National,Australia,"Royal Melbourne Institute of Technology was formerly known by a different name: Phillip Institute of Technology OR State College of Victoria at Coburg."
ECT,"Royal Melbourne Institute of Technology","Graduate Diploma in Education (Early Childhood)",GD108,"Any date if enrolled prior to September 2020",National,Australia,"ACECQA assessed and approved this qualification on 4 September 2015.

Royal Melbourne Institute of Technology was formerly known by a different name: Phillip Institute of Technology OR State College of Victoria at Coburg."
ECT,"Royal Melbourne Institute of Technology","Graduate Diploma of Education (Early Childhood Education)",,"Any date if enrolled prior to 1 January 2012",National,Australia,"Royal Melbourne Institute of Technology was formerly known by a different name: Phillip Institute of Technology OR State College of Victoria at Coburg."
ECT,"Royal Melbourne Institute of Technology","Bachelor of Education (Early Childhood Education)",BP260,"Any date if enrolled prior to December 2018",National,Australia,"ACECQA assessed and approved this qualification on 10 December 2013.

Royal Melbourne Institute of Technology was formerly known by a different name: Phillip Institute of Technology OR State College of Victoria at Coburg."
ECT,"Royal Melbourne Institute of Technology","Bachelor of Education (Primary and Early Childhood Education)",BP046PEC,"Any date if enrolled prior to April 2019",National,Australia,"ACECQA assessed and approved this program on 7 April 2014.

Royal Melbourne Institute of Technology was formerly known by a different name: Phillip Institute of Technology OR State College of Victoria at Coburg."
ECT,"Royal Melbourne Institute of Technology","Bachelor of Education (Primary and Early Childhood Education)",BP320PEC,"Any date if enrolled prior to August 2025",National,Australia,"ACECQA assessed and approved this qualification on 7 July 2020.

Royal Melbourne Institute of Technology was formerly known by a different name: Phillip Institute of Technology OR State College of Victoria at Coburg."
ECT,"Royal Melbourne Institute of Technology","Graduate Diploma in Early Childhood Education",GD204P25,"Any date if enrolled prior to March 2030",National,Australia,"ACECQA reassessed and reapproved this program on 25 February 2025.This qualification is also known as the Graduate Diploma in Early Childhood Education - GD204 Royal Melbourne Institute of Technology was formerly known by a different name: Phillip Institute of Technology OR State College of Victoria at Coburg."
ECT,"Royal Melbourne Institute of Technology","Bachelor of Education (Primary and Early Childhood Education)",BP320PEC24,"Any date if enrolled prior to February 2029",National,Australia,"ACECQA assessed and approved this qualification on 16 February 2024.Royal Melbourne Institute of Technology was formerly known by a different name: Phillip Institute of Technology OR State College of Victoria at Coburg. "
ECT,"Royal Melbourne Institute of Technology in conjunction with Central China Normal University","Bachelor of Education (Early Childhood Education)",BP260,"Any date if enrolled prior to January 2020",National,Australia,"ACECQA assessed and approved this qualification on 2 July 2014"
"Certificate III","Royal New Zealand Plunket Society","Plunket Community Karitane",,"Any date before 1 January 2012",Queensland,"New Zealand","This qualification was previously assessed by the Queensland Government as being the equivalent to a Certificate III qualification. Individuals seeking to work outside Queensland (or graduated after 1 January 2012) may still be eligible for recognition as a qualified educator if they apply to ACECQA for an assessment of equivalence."
Diploma,"Salvador Allende Secondary Pedagogical School - Prague","Preschool Kindergarten Teaching",,"Any date before 1 January 2012",Queensland,"Czechoslovakia (Czech Republic)","This qualification was previously assessed by the Queensland Government as being the equivalent to a Diploma qualification. Individuals seeking to work outside Queensland (or graduated after 1 January 2012) may still be eligible for recognition as a qualified educator if they apply to ACECQA for an assessment of equivalence."
Diploma,"San Jacinto College Central","Certificate of Technology in Child Development and Family Studies",,"Any date before 1 January 2012",Queensland,"United States of America","This qualification was previously assessed by the Queensland Government as being the equivalent to a Diploma qualification. Individuals seeking to work outside Queensland (or graduated after 1 January 2012) may still be eligible for recognition as a qualified educator if they apply to ACECQA for an assessment of equivalence."
Diploma,"Sapporo Otani Junior College","Associate Degree in Childhood Education",,"Any date before 1 January 2012",Queensland,Japan,"This qualification was previously assessed by the Queensland Government as being the equivalent to a Diploma qualification. Individuals seeking to work outside Queensland (or graduated after 1 January 2012) may still be eligible for recognition as a qualified educator if they apply to ACECQA for an assessment of equivalence."
Diploma,"Sardar Patel University","Bachelor of Science (Home Science) (General) in Human Development",,"Any date before 1 January 2012",Queensland,India,"This qualification was previously assessed by the Queensland Government as being the equivalent to a Diploma qualification. Individuals seeking to work outside Queensland (or graduated after 1 January 2012) may still be eligible for recognition as a qualified educator if they apply to ACECQA for an assessment of equivalence."
Diploma,"Sardar Patel University","Master of Science (Home Science)(Special) in Human Development",,"Any date before 1 January 2012",Queensland,India,"This qualification was previously assessed by the Queensland Government as being the equivalent to a Diploma qualification. Individuals seeking to work outside Queensland (or graduated after 1 January 2012) may still be eligible for recognition as a qualified educator if they apply to ACECQA for an assessment of equivalence."
"Certificate III","School of Practical Child Care","City and Guilds Progression Award in Early Years Care and Education Level 2","6973/01, 100/0403/8","Any date before 1 January 2012",Queensland,Ireland,"This qualification was previously assessed by the Queensland Government as being the equivalent to a Certificate III qualification. Individuals seeking to work outside Queensland (or graduated after 1 January 2012) may still be eligible for recognition as a qualified educator if they apply to ACECQA for an assessment of equivalence."
Diploma,"Scottish Nursery Nurses' Examination Board (SNNEB)","Nursery Nurses' Certificate",,"Any date before 1 January 2012",Queensland,"United Kingdom","This qualification was previously assessed by the Queensland Government as being the equivalent to a Diploma qualification. Individuals seeking to work outside Queensland (or graduated after 1 January 2012) may still be eligible for recognition as a qualified educator if they apply to ACECQA for an assessment of equivalence."
Diploma,"Secondary Pedagogical College, Beroun","Matriculation Certificate",,"Any date before 1 January 2012",Queensland,"Czechoslovakia (Czech Republic)","This qualification was previously assessed by the Queensland Government as being the equivalent to a Diploma qualification. Individuals seeking to work outside Queensland (or graduated after 1 January 2012) may still be eligible for recognition as a qualified educator if they apply to ACECQA for an assessment of equivalence."
Diploma,"Secondary Pedagogical School, Litomerice","Vysvedceni O Maturitni Zkousce (Pre-Primary Education)",,"Any date before 1 January 2012",Queensland,"Czechoslovakia (Czech Republic)","This qualification was previously assessed by the Queensland Government as being the equivalent to a Diploma qualification. Individuals seeking to work outside Queensland (or graduated after 1 January 2012) may still be eligible for recognition as a qualified educator if they apply to ACECQA for an assessment of equivalence."
Diploma,"Seitoku University Junior College","Certificate - Department of Early Childhood Care and Education",,"Any date before 1 January 2012",Queensland,Japan,"This qualification was previously assessed by the Queensland Government as being the equivalent to a Diploma qualification. Individuals seeking to work outside Queensland (or graduated after 1 January 2012) may still be eligible for recognition as a qualified educator if they apply to ACECQA for an assessment of equivalence."
Diploma,"Seneca College of Applied Arts and Technology","Diploma in Early Childhood Education with Honours",,"Any date before 1 January 2012",Queensland,Canada,"This qualification was previously assessed by the Queensland Government as being the equivalent to a Diploma qualification. Individuals seeking to work outside Queensland (or graduated after 1 January 2012) may still be eligible for recognition as a qualified educator if they apply to ACECQA for an assessment of equivalence."
Diploma,"Sheffield Hallam University","Bachelor of Arts (Honours) Early Childhood studies with Practitioner Option",,"Any date before 1 January 2012",Queensland,"United Kingdom","This qualification was previously assessed by the Queensland Government as being the equivalent to a Diploma qualification. Individuals seeking to work outside Queensland (or graduated after 1 January 2012) may still be eligible for recognition as a qualified educator if they apply to ACECQA for an assessment of equivalence."
Diploma,"Sheridan College Institute of Technology and Advanced Learning","Early Childhood Education Diploma",,"Any date before 1 January 2012",Queensland,Canada,"This qualification was previously assessed by the Queensland Government as being the equivalent to a Diploma qualification. Individuals seeking to work outside Queensland (or graduated after 1 January 2012) may still be eligible for recognition as a qualified educator if they apply to ACECQA for an assessment of equivalence."
Diploma,"Shoei Junior College","Certificate of Graduation "" Course in Nursing",,"Any date before 1 January 2012",Queensland,Japan,"This qualification was previously assessed by the Queensland Government as being the equivalent to a Diploma qualification. Individuals seeking to work outside Queensland (or graduated after 1 January 2012) may still be eligible for recognition as a qualified educator if they apply to ACECQA for an assessment of equivalence."
Diploma,"Shohoku College Department of Preschool Education","Certificate of Graduation (Licence for Kindergarten Teacher)",,"Any date before 1 January 2012",Queensland,Japan,"This qualification was previously assessed by the Queensland Government as being the equivalent to a Diploma qualification. Individuals seeking to work outside Queensland (or graduated after 1 January 2012) may still be eligible for recognition as a qualified educator if they apply to ACECQA for an assessment of equivalence."
Diploma,"Shokei University Junior College","Associate Bachelor degree of Pre-school Education (granted Kindergarten Teacher's License Class 2)",,"Any date before 1 January 2012",Queensland,Japan,"This qualification was previously assessed by the Queensland Government as being the equivalent to a Diploma qualification. Individuals seeking to work outside Queensland (or graduated after 1 January 2012) may still be eligible for recognition as a qualified educator if they apply to ACECQA for an assessment of equivalence."
Diploma,"Shreemati Nathibai Damodar Thackersey (SNDT) Women's University","Bachelor of Home Science (Early Childhood Care and Education)",,"Any date before 1 January 2012",Queensland,India,"This qualification was previously assessed by the Queensland Government as being the equivalent to a Diploma qualification. Individuals seeking to work outside Queensland (or graduated after 1 January 2012) may still be eligible for recognition as a qualified educator if they apply to ACECQA for an assessment of equivalence."
Diploma,"Shreemati Nathibai Damodar Thackersey (SNDT) Women's University","Master of Home Science (Human Development)",,"Any date before 1 January 2012",Queensland,India,"This qualification was previously assessed by the Queensland Government as being the equivalent to a Diploma qualification. Individuals seeking to work outside Queensland (or graduated after 1 January 2012) may still be eligible for recognition as a qualified educator if they apply to ACECQA for an assessment of equivalence."
Diploma,"Shukugawa Gakuin College","Certificate of Graduation Associate of Arts-Child Education (granted Kindergarten Teacher's Certificate 2nd Class)",,"Any date before 1 January 2012",Queensland,Japan,"This qualification was previously assessed by the Queensland Government as being the equivalent to a Diploma qualification. Individuals seeking to work outside Queensland (or graduated after 1 January 2012) may still be eligible for recognition as a qualified educator if they apply to ACECQA for an assessment of equivalence."
Diploma,"Sohae College University","Certificate of Graduation in Early Childhood Education",,"Any date before 1 January 2012",Queensland,"South Korea","This qualification was previously assessed by the Queensland Government as being the equivalent to a Diploma qualification. Individuals seeking to work outside Queensland (or graduated after 1 January 2012) may still be eligible for recognition as a qualified educator if they apply to ACECQA for an assessment of equivalence."
Diploma,"Soong Eui Women's College","Kindergarten Teacher's Certificate of Graduation",,"Any date before 1 January 2012",Queensland,"South Korea","This qualification was previously assessed by the Queensland Government as being the equivalent to a Diploma qualification. Individuals seeking to work outside Queensland (or graduated after 1 January 2012) may still be eligible for recognition as a qualified educator if they apply to ACECQA for an assessment of equivalence."
Diploma,"Sophia School of Social Welfare","Certificate of Graduation - Nursery School Teachers Diploma",,"Any date before 1 January 2012",Queensland,Japan,"This qualification was previously assessed by the Queensland Government as being the equivalent to a Diploma qualification. Individuals seeking to work outside Queensland (or graduated after 1 January 2012) may still be eligible for recognition as a qualified educator if they apply to ACECQA for an assessment of equivalence."
ECT,"South Australian College of Advanced Education","Bachelor of Early Childhood Education",,"Any date if enrolled prior to 1 January 2012",National,Australia,
ECT,"South Australian College of Advanced Education","Bachelor of Early Childhood Studies",,"Any date if enrolled prior to 1 January 2012",National,Australia,
ECT,"South Australian College of Advanced Education","Bachelor of Education (Early Childhood Education)",,"Any date if enrolled prior to 1 January 2012",National,Australia,"Also known as 'Bachelor of Education (In-Service)' or a 'Bachelor of Education' with a transcript showing completion of the early childhood stream."
ECT,"South Australian College of Advanced Education","Diploma of Teaching (Early Childhood Education)",,"Any date if enrolled prior to 1 January 2012",National,Australia,"Qualification also known as 'Diploma in Teaching (Early Childhood Education)'"
ECT,"South Australian College of Advanced Education","Graduate Diploma of Early Childhood Education",,"Any date before 1 January 2017",National,Australia,
ECT,"Southern Cross Education Institute - Higher Education","Graduate Diploma in Early Childhood Education",GDECE,"Any date if enrolled prior to April 2026",National,Australia,"ACECQA assessed and approved this qualification on 12 March 2021. The institute is also known as Southern Cross (Higher Education) Pty Ltd and Southern Cross Education Institute (Higher Education) Pty Ltd."
ECT,"Southern Cross Education Institute - Higher Education","Graduate Diploma in Early Childhood Education",GDECE,"Any date if enrolled prior to November 2030",National,Australia,"ACECQA reassessed and reapproved this qualification on 17 November 2025.The institute is also known as Southern Cross (Higher Education) Pty Ltd and Southern Cross Education Institute (Higher Education) Pty Ltd."
ECT,"Southern Cross Education Institute - Higher Education","Bachelor of Early Childhood Education",HEBECE001,"Any date if enrolled prior to February 2030",National,Australia,"ACECQA reassessed and reapproved this qualification on 15 January 2025. The institute is also known as Southern Cross (Higher Education) Pty Ltd and Southern Cross Education Institute (Higher Education) Pty Ltd."
ECT,"Southern Cross Education Institute - Higher Education","Master of Teaching (Early Childhood and Primary)",MTECP,"Any date if enrolled prior to May 2031",National,Australia,"ACECQA assessed and approved this qualification on 4 May 2026"
ECT,"Southern Cross Education Institute - Higher Education","Bachelor of Early Childhood Education",BECE,"Any date if enrolled prior to July 2031",National,Australia,"ACECQA assessed and approved this qualification on 29 July 2026."
ECT,"Southern Cross University","Bachelor of Education (Early Childhood)",,"Any date if enrolled prior to 1 January 2017",National,Australia,
ECT,"Southern Cross University","Master of Teaching - Early Childhood",70199,"Any date if enrolled prior to December 2019",National,Australia,"ACECQA assessed and approved this program on 12 December 2014."
ECT,"Southern Cross University","Bachelor of Arts/Bachelor of Education (Primary/Early Childhood)",3207313,"Any date if enrolled prior to January 2020",National,Australia,"ACECQA assessed and approved this program on 16 January 2015."
ECT,"Southern Cross University","Bachelor of Arts/Bachelor of Education (Primary/Early Childhood)",3207313,"Any date if enrolled prior to July 2027",National,Australia,"ACECQA reassessed and approved this qualification on 2 June 2020."
ECT,"Southern Cross University","Graduate Diploma of Education - Early Childhood",1107425,"Any date if enrolled prior to August 2020",National,Australia,"ACECQA assessed and approved this qualification on 28 August 2015. Also known as Graduate Diploma in Education (Early Childhood)."
ECT,"Southern Cross University","Graduate Diploma of Education - Early Childhood",1107425,"Any date if enrolled prior to September 2025",National,Australia,"ACECQA assessed and approved this qualification on 1 September 2020. Also known as Graduate Diploma in Education (Early Childhood)."
ECT,"Southern Cross University","Master of Teaching (Early Childhood)",1207286,"Any date if enrolled prior to February 2026",National,Australia,"Also known as Master of Teaching Specialising in Early Childhood.ACECQA assessed and approved this qualification on 8 January 2021."
ECT,"Southern Cross University","Bachelor of Early Childhood Education",3007003,"Any date if enrolled prior to March 2027",National,Australia,"ACECQA assessed and approved this qualification on 18 February 2022."
ECT,"Southern Cross University","Bachelor of Education (Early Childhood/Primary)",3007002,"Any date if enrolled prior to April 2027",National,Australia,"ACECQA assessed and approved this qualification on 18 March 2022."
ECT,"Southern Cross University","Master of Teaching (Early Childhood)",1209001,"Any date if enrolled prior to October 2027",National,Australia,"ACECQA reassessed and approved this qualification on 19 September 2022."
ECT,"Southern Cross University","Graduate Diploma of Education (Early Childhood)",1107425,"Any date if enrolled prior to October 2027",National,Australia,"ACECQA reassessed and approved this qualification on 19 September 2022.Southern Cross University advises this program commenced delivery in March 2022."
Diploma,"Specialised Academy for Educational Social Work","State Recognised Teacher",,"Any date before 1 January 2012",Queensland,Germany,"This qualification was previously assessed by the Queensland Government as being the equivalent to a Diploma qualification. Individuals seeking to work outside Queensland (or graduated after 1 January 2012) may still be eligible for recognition as a qualified educator if they apply to ACECQA for an assessment of equivalence."
Diploma,"Specialised School for Social Pedagogic","State Registered Educator",,"Any date before 1 January 2012",Queensland,Germany,"This qualification was previously assessed by the Queensland Government as being the equivalent to a Diploma qualification. Individuals seeking to work outside Queensland (or graduated after 1 January 2012) may still be eligible for recognition as a qualified educator if they apply to ACECQA for an assessment of equivalence."
"Certificate III","Spectrum- College Breda","Diploma Secondary Vocational Education",,"Any date before 1 January 2012",Queensland,"The Netherlands","This qualification was previously assessed by the Queensland Government as being the equivalent to a Certificate III qualification. Individuals seeking to work outside Queensland (or graduated after 1 January 2012) may still be eligible for recognition as a qualified educator if they apply to ACECQA for an assessment of equivalence."
Diploma,"St. Clair College","Early Childhood Education Diploma",,"Any date before 1 January 2012",Queensland,Canada,"This qualification was previously assessed by the Queensland Government as being the equivalent to a Diploma qualification. Individuals seeking to work outside Queensland (or graduated after 1 January 2012) may still be eligible for recognition as a qualified educator if they apply to ACECQA for an assessment of equivalence."
Diploma,"St. Gabriel's Nursery Training College","National Nursery Examination Board Certificate (NNEB)",,"Any date before 1 January 2012",Queensland,Zimbabwe,"This qualification was previously assessed by the Queensland Government as being the equivalent to a Diploma qualification. Individuals seeking to work outside Queensland (or graduated after 1 January 2012) may still be eligible for recognition as a qualified educator if they apply to ACECQA for an assessment of equivalence."
Diploma,"St. Lawrence College","Early Childhood Education Diploma",,"Any date before 1 January 2012",Queensland,Canada,"This qualification was previously assessed by the Queensland Government as being the equivalent to a Diploma qualification. Individuals seeking to work outside Queensland (or graduated after 1 January 2012) may still be eligible for recognition as a qualified educator if they apply to ACECQA for an assessment of equivalence."
Diploma,"St. Martin's College","Bachelor of Arts (Honours) in Early Childhood Education with QTS",,"Any date before 1 January 2012",Queensland,"United Kingdom","This qualification was previously assessed by the Queensland Government as being the equivalent to a Diploma qualification. Individuals seeking to work outside Queensland (or graduated after 1 January 2012) may still be eligible for recognition as a qualified educator if they apply to ACECQA for an assessment of equivalence."
"Certificate III","State Authorised Teachers' College 'Maria Immacolata'","Diploma of Maturity for Professional Assistant in Early Childhood",,"Any date before 1 January 2012",Queensland,Italy,"This qualification was previously assessed by the Queensland Government as being the equivalent to a Certificate III qualification. Individuals seeking to work outside Queensland (or graduated after 1 January 2012) may still be eligible for recognition as a qualified educator if they apply to ACECQA for an assessment of equivalence."
Diploma,"State College of Victoria","Associate Diploma of Arts (Child Care)",,"Any date before 1 January 2012",National,Australia,
ECT,"State College of Victoria","Bachelor of Education (Early Childhood)",,"Any date if enrolled prior to 1 January 2012",National,Australia,
ECT,"State College of Victoria","Diploma of Arts (Child Care)",,"Any date if enrolled prior to 1 January 2012",National,Australia,
ECT,"State College of Victoria","Diploma of Education (Early Childhood)",,"Any date if enrolled prior to 1 January 2012",National,Australia,
ECT,"State College of Victoria","Diploma of Social Science (Children's Services)",,"Any date if enrolled prior to 1 January 2012",National,Australia,
ECT,"State College of Victoria","Diploma of Teaching (Early Childhood Education)",,"Any date if enrolled prior to 1 January 2012",National,Australia,
ECT,"State College of Victoria","Diploma of Teaching (Early Childhood)",,"Any date if enrolled prior to 1 January 2012",National,Australia,
ECT,"State College of Victoria Institute of Early Childhood Development","Bachelor of Education",,"Any date if enrolled prior to 1 January 2012",National,Australia,"Transcript must demonstrate early childhood specialisation. Awarding institute also known as: Melbourne Kindergarten Teachers' College (1900-1973), the Melbourne College of Advanced Education (1983-1989) or the University of Melbourne (1989-present)."
ECT,"State College of Victoria Institute of Early Childhood Development","Diploma of Teaching",,"Any date if enrolled prior to 1 January 2012",National,Australia,"Transcript must demonstrate early childhood specialisation. Awarding institute also known as: Melbourne Kindergarten Teachers' College (1900-1973), the Melbourne College of Advanced Education (1983-1989) or the University of Melbourne (1989-present)."
ECT,"State College of Victoria Institute of Early Childhood Development","Diploma of Teaching",,"Any date if enrolled prior to 1 January 2012",National,Australia,"Awarding institute also known as: Melbourne Kindergarten Teachers' College (1900-1973), the Melbourne College of Advanced Education (1983-1989) or the University of Melbourne (1989-present)."
ECT,"State College of Victoria Institute of Early Childhood Development","Diploma of Teaching (Early Childhood)",,"Any date if enrolled prior to 1 January 2012",National,Australia,"Awarding institute also known as: Melbourne Kindergarten Teachers' College (1900-1973), the Melbourne College of Advanced Education (1983-1989) or the University of Melbourne (1989-present)."
ECT,"State College of Victoria Institute of Early Childhood Development","Graduate Diploma in Education",,"Any date before 1 January 2012",National,Australia,"Transcript must demonstrate early childhood specialisation. Awarding institute also known as: Melbourne Kindergarten Teachers' College (1900-1973), the Melbourne College of Advanced Education (1983-1989) or the University of Melbourne (1989-present)."
Diploma,"Stephenson College","NVQ Level 3 Child Care and Education: Pre-school Provision",,"Any date before 1 January 2012",Queensland,"United Kingdom","This qualification was previously assessed by the Queensland Government as being the equivalent to a Diploma qualification. Individuals seeking to work outside Queensland (or graduated after 1 January 2012) may still be eligible for recognition as a qualified educator if they apply to ACECQA for an assessment of equivalence."
"Certificate III","Stepping Stones Training Centres","SVQ Level 2 Early Years Care and Education",,"Any date before 1 January 2012",Queensland,"United Kingdom","This qualification was previously assessed by the Queensland Government as being the equivalent to a Certificate III qualification. Individuals seeking to work outside Queensland (or graduated after 1 January 2012) may still be eligible for recognition as a qualified educator if they apply to ACECQA for an assessment of equivalence."
Diploma,"Sungshin Women's University","Bachelor of Arts (Early Childhood Education)",,"Any date before 1 January 2012",Queensland,"South Korea","This qualification was previously assessed by the Queensland Government as being the equivalent to a Diploma qualification. Individuals seeking to work outside Queensland (or graduated after 1 January 2012) may still be eligible for recognition as a qualified educator if they apply to ACECQA for an assessment of equivalence."
ECT,"Swinburne University of Technology","Bachelor of Education (Early Childhood)",L033BEEC,"Any date if enrolled prior to August 2017",National,Australia,"ACECQA assessed and approved this program on 9 August 2012"
Diploma,"Swinburne University of Technology","Certificate in Applied Social Science (Child Care Studies) Education",,"Any date before 1 January 2012",National,Australia,"Also known as 'Certificate of Applied Social Science (Child Care Studies) Education'."
ECT,"Swinburne University of Technology","Bachelor of Education (Early Childhood)","BA-EDUEC2, BA-EDUEC","Any date if enrolled prior to January 2019",National,Australia,"ACECQA assessed and approved this program on 3 June 2013. May also be known as Bachelor of Early Childhood Education."
ECT,"Swinburne University of Technology","Bachelor of Education (Early Childhood and Primary)","BA-EDECP / BA-EDECPS","Any date if enrolled prior to January 2030",National,Australia,"ACECQA reassessed and reapproved this program on 18 December 2024."
ECT,"Swinburne University of Technology","Bachelor of Education (Early Childhood Teaching)","BA-EDUECT / BA-EDUECTS","Any date if enrolled prior to March 2030",National,Australia,"ACECQA reassessed and reapproved this program on 25 February 2025."
ECT,"Swinburne University of Technology","Graduate Diploma of Early Childhood Teaching","GD-ECTEA / GD-ECTEAS","Any date if enrolled prior to August 2027",National,Australia,"ACECQA assessed and approved this program on 8 July 2022."
Diploma,"Sydney Business and Travel Academy","Diploma of Child Care",,"Any date before 1 January 2017",National,Australia,
ECT,"Sydney College of Advanced Education","Bachelor of Education (Early Childhood)",,"Any date if enrolled prior to 1 January 2012",National,Australia,"Sydney College of Advanced Education was formerly known by a different name: Sydney Teachers College"
ECT,"Sydney College of Advanced Education","Diploma of Teaching (Early Childhood Education)",,"Any date if enrolled prior to 1 January 2012",National,Australia,"Sydney College of Advanced Education was formerly known by a different name: Sydney Teachers College"
ECT,"Sydney College of Advanced Education","Diploma of Teaching (Early Childhood)",,"Any date if enrolled prior to 1 January 2012",National,Australia,"Sydney College of Advanced Education was formerly known by a different name: Sydney Teachers College"
ECT,"Sydney College of Advanced Education","Diploma of Teaching within the Institute of Early Childhood Studies",,"Any date if enrolled prior to 1 January 2012",National,Australia,"May have been awarded by Macquarie University. Sydney College of Advanced Education amalgamated with Macquarie University on 1 January 1990. Sydney College of Advanced Education was formerly known by a different name: Sydney Teachers College."
ECT,"Sydney College of Advanced Education","Graduate Diploma in Education (Early Childhood)",,"Any date if enrolled prior to 1 January 2012",National,Australia,"Sydney College of Advanced Education was formerly known by a different name: Sydney Teachers College"
ECT,"Sydney College of Advanced Education","Graduate Diploma in Educational Studies",,"Any date if enrolled prior to 1 January 2012",National,Australia,"Sydney College of Advanced Education was formerly known by a different name: Sydney Teachers College"
ECT,"Sydney International School of Technology and Commerce","Graduate Diploma in Early Childhood Education",GDECE,"Any date if enrolled prior to May 2031",National,Australia,"ACECQA assessed and approved this qualification on 20 May 2026."
ECT,"Sydney International School of Technology and Commerce","Master of Teaching (Early Childhood)",MTECE,"Any date if enrolled prior to May 2031",National,Australia,"ACECQA assessed and approved this qualification on 20 May 2026."
ECT,"Sydney Kindergarten Teachers' College","Diploma of Teaching (Early Childhood Education)",,"Any date if enrolled prior to 1 January 2012",National,Australia,
ECT,"Sydney Kindergarten Teachers' College","Diploma of the Sydney Kindergarten Teachers' College",,"Any date if enrolled prior to 1 January 2012",National,Australia,
ECT,"Sydney Kindergarten Teachers' College","Graduate Diploma in Education (Early Childhood) with undergraduate in Social Science or Education",,"Any date if enrolled prior to 1 January 2012",National,Australia,
ECT,"Sydney University","Diploma of Teaching (Early Childhood Education)",,"Any date if enrolled prior to 1 January 2012",National,Australia,
ECT,"Sydney University","Diploma of Teaching (Infants Education)",,"Any date if enrolled prior to 1 January 2012",National,Australia,
Diploma,"TAFE Australian Capital Territory","Certificate in Applied Social Science (Child Care Studies)",,"Any date before 1 January 2017",National,Australia,"Also known as 'Certificate of Applied Social Science (Child Care Studies)'."
Diploma,"TAFE New South Wales","Certificate in Child Care Studies",,"Any date before 1 January 2017",National,Australia,"Also known as 'Certificate of Child Care Studies' or 'Child Care Studies Certificate Course'. Known course code for this qualification but not limited to 6943. Awarding institutions also known as 'NSW Colleges of TAFE' or 'NSW Department of Technical and Further Education'."
ECT,"TAFE New South Wales","Bachelor of Early Childhood Education and Care (Birth-5)","20510 / HE20510 / BEDEC / HE20510V02 / HE20510V03 / HE20610","Any date if enrolled prior to November 2028",National,Australia,"ACECQA reassessed and reapproved this qualification on 18 October 2023."
Diploma,"TAFE New South Wales","Child Care Certificate",,"Any date before 1 January 2012",National,Australia,
Diploma,"TAFE Queensland","Associate Diploma of Education (Early Childhood)",,"Any date before 1 January 2012",National,Australia,"Awarding institutions may also have been referred to as 'Queensland Institute of TAFE'."
Diploma,"TAFE Queensland","Child Care Practices Course",,"Any date before 1 January 2017",National,Australia,
"Certificate III","TAFE Queensland","Certificate IV in Education (Aboriginal and Torres Strait Islander)",10325NAT,"Any date before 1 January 2017",National,Australia,
Diploma,"TAFE South Australia","Certificate in Child Care Studies",,"Any date before 1 January 2017",National,Australia,"Also known as 'Certificate of Child Care Studies'."
Diploma,"TAFE South Australia","Associate Diploma of Child Studies",,"Any date before 1 January 2012",National,Australia,
Diploma,"TAFE Tasmania","Certificate in Child Care",,"Any date before 1 January 2017",National,Australia,
Diploma,"TAFE Victoria","Advanced Certificate in Applied Social Science (Child Care Studies)",,"Any date before 1 January 2012",National,Australia,"Also known as 'Advanced Certificate of Applied Social Science (Child Care Studies)'."
Diploma,"Takushoku University Hokkaido Junior College","Associate Bachelor of Early Childhood Education (Certificate of Graduation)",,"Any date before 1 January 2012",Queensland,Japan,"This qualification was previously assessed by the Queensland Government as being the equivalent to a Diploma qualification. Individuals seeking to work outside Queensland (or graduated after 1 January 2012) may still be eligible for recognition as a qualified educator if they apply to ACECQA for an assessment of equivalence."
ECT,"Tasmanian College of Advanced Education","Bachelor of Education (Early Childhood)",,"Any date if enrolled prior to 1 January 2012",National,Australia,
ECT,"Tasmanian College of Advanced Education","Diploma of Teaching (Early Childhood Education)",,"Any date if enrolled prior to 1 January 2012",National,Australia,
"Certificate III","Tasmanian Education Department - Technical Education Branch","General Certificate in Child Care",,"Any date before 1 January 2012",National,Australia,
"Certificate III","Tasmanian Nanny School","Level III Community Services Nanny Certificate",,"Any date before 1 January 2012",National,Australia,
ECT,"Tasmanian State Institute of Technology","Bachelor of Education (Early Childhood)",,"Any date if enrolled prior to 1 January 2012",National,Australia,
ECT,"Tasmanian State Institute of Technology","Diploma of Teaching (Early Childhood Education)",,"Any date if enrolled prior to 1 January 2012",National,Australia,"Qualification also known as 'Diploma in Teaching (Early Childhood Education)'"
ECT,"Tasmanian State Institute of Technology","Graduate Diploma of Education (Early Childhood)",,"Any date if enrolled prior to 1 January 2012",National,Australia,
ECT,"Te Rito Maioha Early Childhood New Zealand","Bachelor of Teaching (Early Childhood Education)","BTch (ECE)","Any date if enrolled prior to August 2024",National,"New Zealand","ACECQA assessed and approved this qualification on 14 August 2019."
ECT,"Te Rito Maioha Early Childhood New Zealand","Bachelor of Teaching (Early Childhood Education)","B.Tch (ECE)","Any date if enrolled prior to October 2027",National,"New Zealand","ACECQA reassessed and approved this qualification on 9 September 2022."
ECT,"Te Rito Maioha Early Childhood New Zealand","Graduate Diploma of Teaching (ECE)",GradDipTch(ECE),"Any date if enrolled prior to October 2027",National,"New Zealand","ACECQA assessed and approved this qualification on 9 September 2022."
"Certificate III","Te Wananga O Aoteraroa","Certificate in Early Childhood Studies",,"Any date before 1 January 2012",Queensland,"New Zealand","This qualification was previously assessed by the Queensland Government as being the equivalent to a Certificate III qualification. Individuals seeking to work outside Queensland (or graduated after 1 January 2012) may still be eligible for recognition as a qualified educator if they apply to ACECQA for an assessment of equivalence."
Diploma,"Teacher's College, Brno","Certificate in Preschool/Kindergarten Teaching",,"Any date before 1 January 2012",Queensland,"Czechoslovakia (Czech Republic)","This qualification was previously assessed by the Queensland Government as being the equivalent to a Diploma qualification. Individuals seeking to work outside Queensland (or graduated after 1 January 2012) may still be eligible for recognition as a qualified educator if they apply to ACECQA for an assessment of equivalence."
Diploma,"Teachers' College, Tarnow","Teachers College Diploma",,"Any date before 1 January 2012",Queensland,Poland,"This qualification was previously assessed by the Queensland Government as being the equivalent to a Diploma qualification. Individuals seeking to work outside Queensland (or graduated after 1 January 2012) may still be eligible for recognition as a qualified educator if they apply to ACECQA for an assessment of equivalence."
Diploma,"Technical College - Social Pedagogy","State Recognized 'Erzieher' (Educator/Early Childhood Educator)",,"Any date before 1 January 2012",Queensland,Germany,"This qualification was previously assessed by the Queensland Government as being the equivalent to a Diploma qualification. Individuals seeking to work outside Queensland (or graduated after 1 January 2012) may still be eligible for recognition as a qualified educator if they apply to ACECQA for an assessment of equivalence."
Diploma,"Technical College for Social Education","Certificate - State Accredited Teacher",,"Any date before 1 January 2012",Queensland,Germany,"This qualification was previously assessed by the Queensland Government as being the equivalent to a Diploma qualification. Individuals seeking to work outside Queensland (or graduated after 1 January 2012) may still be eligible for recognition as a qualified educator if they apply to ACECQA for an assessment of equivalence."
Diploma,"Technical College for Social Education","Educator with State Recognition",,"Any date before 1 January 2012",Queensland,Germany,"This qualification was previously assessed by the Queensland Government as being the equivalent to a Diploma qualification. Individuals seeking to work outside Queensland (or graduated after 1 January 2012) may still be eligible for recognition as a qualified educator if they apply to ACECQA for an assessment of equivalence."
Diploma,"Technical College for Social Education","State Recognised Social Educator",,"Any date before 1 January 2012",Queensland,Germany,"This qualification was previously assessed by the Queensland Government as being the equivalent to a Diploma qualification. Individuals seeking to work outside Queensland (or graduated after 1 January 2012) may still be eligible for recognition as a qualified educator if they apply to ACECQA for an assessment of equivalence."
Diploma,"Technical Institute of Pedagogical Sciences","Diploma of High Rank Technician, specialisation in Kindergarten and Primary Education",,"Any date before 1 January 2012",Queensland,Lebanon,"This qualification was previously assessed by the Queensland Government as being the equivalent to a Diploma qualification. Individuals seeking to work outside Queensland (or graduated after 1 January 2012) may still be eligible for recognition as a qualified educator if they apply to ACECQA for an assessment of equivalence."
"Certificate III","Technical Institute of Zgharta","Diploma of Technical Baccalaureate in Kindergarten Education",,"Any date before 1 January 2012",Queensland,Lebanon,"This qualification was previously assessed by the Queensland Government as being the equivalent to a Certificate III qualification. Individuals seeking to work outside Queensland (or graduated after 1 January 2012) may still be eligible for recognition as a qualified educator if they apply to ACECQA for an assessment of equivalence."
Diploma,"The Australian Academy","Diploma of Early Childhood",,"Any date before 1 January 2017",National,Australia,"Also known as 'Diploma in Early Childhood'."
Diploma,"The International Institute in Teacher Training, Auckland","Teachers Certificate in Early Childhood Education",,"Any date before 1 January 2012",Queensland,"New Zealand","This qualification was previously assessed by the Queensland Government as being the equivalent to a Diploma qualification. Individuals seeking to work outside Queensland (or graduated after 1 January 2012) may still be eligible for recognition as a qualified educator if they apply to ACECQA for an assessment of equivalence."
Diploma,"The Kindergarten Union of NSW","Course of Study in The Sydney Kindergarten Training College",,"Any date before 1 January 2017",National,Australia,
Diploma,"The Nanny and Child Care Training Centre","Diploma of Early Childhood Studies",,"Any date before 1 January 2017",National,Australia,"Also known as 'Diploma in Early Childhood Studies'."
Diploma,"The Nanny School and College of Early Childhood Studies","Associate Diploma of Child Care and Education",,"Any date before 1 January 2012",National,Australia,"Also known as 'Associate Diploma in Child Care and Education'."
Diploma,"The National Institute of Research and Education Development","Title as Pre-school Education Teacher",,"Any date before 1 January 2012",Queensland,Peru,"This qualification was previously assessed by the Queensland Government as being the equivalent to a Diploma qualification. Individuals seeking to work outside Queensland (or graduated after 1 January 2012) may still be eligible for recognition as a qualified educator if they apply to ACECQA for an assessment of equivalence."
"Emergency Asthma only","The Sydney Children's Hospitals Network","Childcare Asthma Management Training",,"Any date before November 2017",National,Australia,"ACECQA assessed and approved this program on 28 November 2012. This qualification only satisfies the requirements for emergency asthma training"
"Emergency Asthma only","The Sydney Children's Hospitals Network","Out of School Hours Care Asthma Management Training",,"Any date before November 2017",National,Australia,"ACECQA assessed and approved this qualification on 28 November 2012. This qualification only satisfies the requirements for emergency asthma training"
"Emergency Asthma only","The Sydney Children's Hospitals Network","Asthma Management Course for Children's Services",,"Any date before June 2028",National,Australia,"ACECQA reassessed and reapproved this program on 4 May 2023. This qualification only satisfies the requirements for emergency asthma training"
Diploma,"The Whitireia Community Polytechnic","Diploma of Teaching (Early Childhood Education)",,"Any date before 1 January 2012",Queensland,"New Zealand","This qualification was previously assessed by the Queensland Government as being the equivalent to a Diploma qualification. Individuals seeking to work outside Queensland (or graduated after 1 January 2012) may still be eligible for recognition as a qualified educator if they apply to ACECQA for an assessment of equivalence."
ECT,"Toorak Teachers' College","Trained Infant Teachers' Certificate",,"Any date if enrolled prior to 1 January 2012",National,Australia,
ECT,"Torrens College of Advanced Education","Diploma of Teaching",,"Any date if enrolled prior to 1 January 2012",National,Australia,
"Certificate III","Town & Country Nannies","Certificate IV in Child Care (Nanny)",,"Any date before 1 January 2012",National,Australia,
Diploma,"Tribhuvan University","Bachelor of Education (Early Childhood Education)",,"Any date before 1 January 2012",Queensland,Nepal,"This qualification was previously assessed by the Queensland Government as being the equivalent to a Diploma qualification. Individuals seeking to work outside Queensland (or graduated after 1 January 2012) may still be eligible for recognition as a qualified educator if they apply to ACECQA for an assessment of equivalence."
Diploma,"Tropical North Queensland Institute of TAFE","Diploma of Education (Aboriginal and Torres Strait Islander)","10326NAT, 39241QLD","Any date before 1 January 2017",National,Australia,
"Certificate III","Tropical North Queensland Institute of TAFE","Certificate IV in Education (Aboriginal and Torres Strait Islander)","39240QLD, 39085QLD","Any date before 1 January 2017",National,Australia,
Diploma,"Unitec Institute of Technology","Diploma in Teaching (Early Childhood Education)",,"Any date before 1 January 2012",Queensland,"New Zealand","This qualification was previously assessed by the Queensland Government as being the equivalent to a Diploma qualification. Individuals seeking to work outside Queensland (or graduated after 1 January 2012) may still be eligible for recognition as a qualified educator if they apply to ACECQA for an assessment of equivalence."
Diploma,"Universidad Femenina del Sagrado","Bachelor of Education (major in Nursery)",,"Any date before 1 January 2012",Queensland,Peru,"This qualification was previously assessed by the Queensland Government as being the equivalent to a Diploma qualification. Individuals seeking to work outside Queensland (or graduated after 1 January 2012) may still be eligible for recognition as a qualified educator if they apply to ACECQA for an assessment of equivalence."
Diploma,"Universidad Gabriela Mistral","Diploma (Degree) with the title of Professor in Primary Education",,"Any date before 1 January 2012",Queensland,Chile,"This qualification was previously assessed by the Queensland Government as being the equivalent to a Diploma qualification. Individuals seeking to work outside Queensland (or graduated after 1 January 2012) may still be eligible for recognition as a qualified educator if they apply to ACECQA for an assessment of equivalence."
Diploma,"Universidad Jose Maria Vargas","Bachelor of Pre-school Education",,"Any date before 1 January 2012",Queensland,Venezuela,"This qualification was previously assessed by the Queensland Government as being the equivalent to a Diploma qualification. Individuals seeking to work outside Queensland (or graduated after 1 January 2012) may still be eligible for recognition as a qualified educator if they apply to ACECQA for an assessment of equivalence."
Diploma,"Universidad Pedagogica Nacional","Bachelor of Children's Education (Titulo de Licenciado en Educacion Infantil)",,"Any date before 1 January 2012",Queensland,Colombia,"This qualification was previously assessed by the Queensland Government as being the equivalent to a Diploma qualification. Individuals seeking to work outside Queensland (or graduated after 1 January 2012) may still be eligible for recognition as a qualified educator if they apply to ACECQA for an assessment of equivalence."
Diploma,"University College Cork - National University of Ireland","Bachelor of Arts (Honours) in Early Childhood Studies",,"Any date before 1 January 2012",Queensland,Ireland,"This qualification was previously assessed by the Queensland Government as being the equivalent to a Diploma qualification. Individuals seeking to work outside Queensland (or graduated after 1 January 2012) may still be eligible for recognition as a qualified educator if they apply to ACECQA for an assessment of equivalence."
Diploma,"University of Antofagasta","Bachelor of Education with title of Kindergarten Teacher",,"Any date before 1 January 2012",Queensland,Chile,"This qualification was previously assessed by the Queensland Government as being the equivalent to a Diploma qualification. Individuals seeking to work outside Queensland (or graduated after 1 January 2012) may still be eligible for recognition as a qualified educator if they apply to ACECQA for an assessment of equivalence."
ECT,"University of Auckland","Graduate Diploma in Teaching (Early Childhood Education)",AC1101,"Any date if enrolled prior to February 2019",National,"New Zealand","ACECQA assessed and approved this program on 3 February 2014."
ECT,"University of Auckland","Bachelor of Education (Teaching) - Early Childhood Education specialisation",AU4096,"Any date if enrolled prior to February 2019",National,"New Zealand","ACECQA assessed and approved this program on 4 February 2014."
Diploma,"University of Bristol","Certificate of Education",,"Any date before 1 January 2012",Queensland,"United Kingdom","This qualification was previously assessed by the Queensland Government as being the equivalent to a Diploma qualification. Individuals seeking to work outside Queensland (or graduated after 1 January 2012) may still be eligible for recognition as a qualified educator if they apply to ACECQA for an assessment of equivalence."
Diploma,"University of Bristol","Certificate of Education",,"Any date before 1 January 2012",Queensland,"United Kingdom","This qualification was previously assessed by the Queensland Government as being the equivalent to a Diploma qualification. Individuals seeking to work outside Queensland (or graduated after 1 January 2012) may still be eligible for recognition as a qualified educator if they apply to ACECQA for an assessment of equivalence."
ECT,"University of Canberra","Bachelor of Education",203JA,"Any date if enrolled prior to 1 January 2017",National,Australia,"Transcript must show that individual has completed Major in Early Childhood (MJ0035)"
ECT,"University of Canberra","Bachelor of Education (Early Childhood)",,"Any date if enrolled prior to 1 January 2012",National,Australia,"University of Canberra was formerly known by a different name: Canberra College of Advanced Education"
ECT,"University of Canberra","Bachelor of Education in Early Childhood Teaching (3-8 Years)",,"Any date if enrolled prior to 1 January 2012",National,Australia,"University of Canberra was formerly known by a different name: Canberra College of Advanced Education"
ECT,"University of Canberra","Bachelor of Education in Early Childhood Teaching (Conversion)",,"Any date if enrolled prior to 1 January 2017",National,Australia,
ECT,"University of Canberra","Bachelor of Education in Early Childhood Teaching (Graduate Entry)",,"Any date if enrolled prior to 1 January 2012",National,Australia,"University of Canberra was formerly known by a different name: Canberra College of Advanced Education"
ECT,"University of Canberra","Diploma of Teaching (Early Childhood Education)",,"Any date if enrolled prior to 1 January 2012",National,Australia,"University of Canberra was formerly known by a different name: Canberra College of Advanced Education"
ECT,"University of Canberra","Diploma of Teaching (Early Childhood)",,"Any date if enrolled prior to 1 January 2012",National,Australia,"University of Canberra was formerly known by a different name: Canberra College of Advanced Education"
ECT,"University of Canberra","Graduate Certificate in Education (Early Childhood)",,"Any date if enrolled prior to 1 January 2017",National,Australia,
ECT,"University of Canberra","Bachelor of Education in Early Childhood Teaching (Birth-8)",446AA,"Any date if enrolled prior to 1 January 2017",National,Australia,
ECT,"University of Canberra","Bachelor of Early Childhood and Primary Education",326JA,"Any date if enrolled prior to May 2022",National,Australia,"ACECQA assessed and approved this program on 28 October 2016."
ECT,"University of Canberra","Bachelor of Early Childhood and Primary Education",326JA,"Any date if enrolled prior to October 2029",National,Australia,"ACECQA reassessed and approved this program on 26 September 2024. University of Canberra was formerly known by a different name: Canberra College of Advanced Education."
ECT,"University of Canberra","Bachelor of Early Childhood Education (Birth to Five)",EDB001,"Any date prior to December 2028",National,Australia,"ACECQA assessed and approved this qualification on 21 November 2023."
Diploma,"University of Canterbury","Bachelor of Teaching and Learning (Early Childhood)",,"Any date before 1 January 2012",Queensland,"New Zealand","This qualification was previously assessed by the Queensland Government as being the equivalent to a Diploma qualification. Individuals seeking to work outside Queensland (or graduated after 1 January 2012) may still be eligible for recognition as a qualified educator if they apply to ACECQA for an assessment of equivalence. The University of Canterbury was formerly known as Christchurch College of Education."
Diploma,"University of Canterbury","Diploma of Teaching (Early Childhood Education)",,"Any date before 1 January 2012",Queensland,"New Zealand","This qualification was previously assessed by the Queensland Government as being the equivalent to a Diploma qualification. Individuals seeking to work outside Queensland (or graduated after 1 January 2012) may still be eligible for recognition as a qualified educator if they apply to ACECQA for an assessment of equivalence. The University of Canterbury was formerly known as Christchurch College of Education."
Diploma,"University of Canterbury","Diploma of Teaching and Learning (Early Childhood Programmes)",,"Any date before 1 January 2012",Queensland,"New Zealand","This qualification was previously assessed by the Queensland Government as being the equivalent to a Diploma qualification. Individuals seeking to work outside Queensland (or graduated after 1 January 2012) may still be eligible for recognition as a qualified educator if they apply to ACECQA for an assessment of equivalence. The University of Canterbury was formerly known as Christchurch College of Education."
Diploma,"University of Canterbury","Graduate Diploma of Teaching and Learning (Early Childhood)",,"Any date before 1 January 2012",Queensland,"New Zealand","This qualification was previously assessed by the Queensland Government as being the equivalent to a Diploma qualification. Individuals seeking to work outside Queensland (or graduated after 1 January 2012) may still be eligible for recognition as a qualified educator if they apply to ACECQA for an assessment of equivalence.  The University of Canterbury was formerly known as Christchurch College of Education."
Diploma,"University of Central Oklahoma","Master in Education - Specialisation in Early Childhood Education",,"Any date before 1 January 2012",Queensland,"United States of America","This qualification was previously assessed by the Queensland Government as being the equivalent to a Diploma qualification. Individuals seeking to work outside Queensland (or graduated after 1 January 2012) may still be eligible for recognition as a qualified educator if they apply to ACECQA for an assessment of equivalence."
Diploma,"University of Derby","Bachelor of Arts (Honours) in Early Childhood",,"Any date before 1 January 2012",Queensland,"United Kingdom","This qualification was previously assessed by the Queensland Government as being the equivalent to a Diploma qualification. Individuals seeking to work outside Queensland (or graduated after 1 January 2012) may still be eligible for recognition as a qualified educator if they apply to ACECQA for an assessment of equivalence."
Diploma,"University of Derby","Foundation degree (Arts) in Educare and Early Childhood",,"Any date before 1 January 2012",Queensland,"United Kingdom","This qualification was previously assessed by the Queensland Government as being the equivalent to a Diploma qualification. Individuals seeking to work outside Queensland (or graduated after 1 January 2012) may still be eligible for recognition as a qualified educator if they apply to ACECQA for an assessment of equivalence."
Diploma,"University of East Anglia","Bachelor of Arts (Honours) in Early Childhood Studies",,"Any date before 1 January 2012",Queensland,"United Kingdom","This qualification was previously assessed by the Queensland Government as being the equivalent to a Diploma qualification. Individuals seeking to work outside Queensland (or graduated after 1 January 2012) may still be eligible for recognition as a qualified educator if they apply to ACECQA for an assessment of equivalence."
Diploma,"University of Greenwich","Bachelor of Science (Honours) in Primary Education Studies with QTS (Early Years)",,"Any date before 1 January 2012",Queensland,"United Kingdom","This qualification was previously assessed by the Queensland Government as being the equivalent to a Diploma qualification. Individuals seeking to work outside Queensland (or graduated after 1 January 2012) may still be eligible for recognition as a qualified educator if they apply to ACECQA for an assessment of equivalence."
Diploma,"University of Greenwich","Higher National Certificate in Care (Early Years)",,"Any date before 1 January 2012",Queensland,"United Kingdom","This qualification was previously assessed by the Queensland Government as being the equivalent to a Diploma qualification. Individuals seeking to work outside Queensland (or graduated after 1 January 2012) may still be eligible for recognition as a qualified educator if they apply to ACECQA for an assessment of equivalence."
Diploma,"University of Hawaii","Bachelor of Education - Elementary Education",,"Any date before 1 January 2012",Queensland,"United States of America","This qualification was previously assessed by the Queensland Government as being the equivalent to a Diploma qualification. Individuals seeking to work outside Queensland (or graduated after 1 January 2012) may still be eligible for recognition as a qualified educator if they apply to ACECQA for an assessment of equivalence."
Diploma,"University of Huddersfield","Bachelor of Arts (Honours) in Early Years",,"Any date before 1 January 2012",Queensland,"United Kingdom","This qualification was previously assessed by the Queensland Government as being the equivalent to a Diploma qualification. Individuals seeking to work outside Queensland (or graduated after 1 January 2012) may still be eligible for recognition as a qualified educator if they apply to ACECQA for an assessment of equivalence."
Diploma,"University of Ibadon","Master of Education",,"Any date before 1 January 2012",Queensland,Nigeria,"This qualification was previously assessed by the Queensland Government as being the equivalent to a Diploma qualification. Individuals seeking to work outside Queensland (or graduated after 1 January 2012) may still be eligible for recognition as a qualified educator if they apply to ACECQA for an assessment of equivalence."
Diploma,"University of Kwazulu-Natal","Bachelor of Education with Early Childhood Development stated on the course transcript",,"Any date before 1 January 2012",Queensland,"South Africa","This qualification was previously assessed by the Queensland Government as being the equivalent to a Diploma qualification. Individuals seeking to work outside Queensland (or graduated after 1 January 2012) may still be eligible for recognition as a qualified educator if they apply to ACECQA for an assessment of equivalence."
Diploma,"University of Lancaster","Bachelor of Arts (Honours) in Educational and Professional (Primary) Studies with QTS (Early Years)",,"Any date before 1 January 2012",Queensland,"United Kingdom","This qualification was previously assessed by the Queensland Government as being the equivalent to a Diploma qualification. Individuals seeking to work outside Queensland (or graduated after 1 January 2012) may still be eligible for recognition as a qualified educator if they apply to ACECQA for an assessment of equivalence."
Diploma,"University of Liverpool","Bachelor of Arts (Honours) in Early Childhood Studies",,"Any date before 1 January 2012",Queensland,"United Kingdom","This qualification was previously assessed by the Queensland Government as being the equivalent to a Diploma qualification. Individuals seeking to work outside Queensland (or graduated after 1 January 2012) may still be eligible for recognition as a qualified educator if they apply to ACECQA for an assessment of equivalence."
Diploma,"University of Melbourne","Associate Diploma of Arts (Child Care)",,"Any date before 1 January 2012",National,Australia,"Also known as 'Associate Diploma in Arts (Child Care)'. University of Melbourne was formerly known by a different name: Institute of Early Childhood Development OR Kindergarten Training College OR Melbourne College of Advanced Education OR Melbourne Kindergarten Teachers' College OR State College of Victoria"
Diploma,"University of Melbourne","Associate Diploma of Child Care",,"Any date before 1 January 2012",National,Australia,"Also known as 'Associate Diploma in Child Care'. University of Melbourne was formerly known by a different name: Institute of Early Childhood Development OR Kindergarten Training College OR Melbourne College of Advanced Education OR Melbourne Kindergarten Teachers' College OR State College of Victoria"
ECT,"University of Melbourne","Bachelor of Early Childhood Education",,"Any date if enrolled prior to 1 January 2012",National,Australia,"University of Melbourne was formerly known by a different name: Institute of Early Childhood Development OR Kindergarten Training College OR Melbourne College of Advanced Education OR Melbourne Kindergarten Teachers' College OR State College of Victoria"
ECT,"University of Melbourne","Bachelor of Early Childhood Studies",,"Any date if enrolled prior to 1 January 2012",National,Australia,"University of Melbourne was formerly known by a different name: Institute of Early Childhood Development OR Kindergarten Training College OR Melbourne College of Advanced Education OR Melbourne Kindergarten Teachers' College OR State College of Victoria"
ECT,"University of Melbourne","Bachelor of Early Childhood Studies",487PP,"Any date if enrolled prior to 1 January 2017",National,Australia,
ECT,"University of Melbourne","Bachelor of Early Childhood Studies (Honours)",,"Any date if enrolled prior to 1 January 2012",National,Australia,"University of Melbourne was formerly known by a different name: Institute of Early Childhood Development OR Kindergarten Training College OR Melbourne College of Advanced Education OR Melbourne Kindergarten Teachers' College OR State College of Victoria"
ECT,"University of Melbourne","Bachelor of Early Childhood Studies (Pathways)",,"Any date if enrolled prior to 1 January 2012",National,Australia,"University of Melbourne was formerly known by a different name: Institute of Early Childhood Development OR Kindergarten Training College OR Melbourne College of Advanced Education OR Melbourne Kindergarten Teachers' College OR State College of Victoria"
ECT,"University of Melbourne","Bachelor of Education (Early Childhood)",,"Any date if enrolled prior to 1 January 2012",National,Australia,"University of Melbourne was formerly known by a different name: Institute of Early Childhood Development OR Kindergarten Training College OR Melbourne College of Advanced Education OR Melbourne Kindergarten Teachers' College OR State College of Victoria"
ECT,"University of Melbourne","Bachelor of Teaching (Early Childhood)",,"Any date if enrolled prior to 1 January 2012",National,Australia,"University of Melbourne was formerly known by a different name: Institute of Early Childhood Development OR Kindergarten Training College OR Melbourne College of Advanced Education OR Melbourne Kindergarten Teachers' College OR State College of Victoria"
ECT,"University of Melbourne","Diploma of Arts (Child Care Services)",,"Any date if enrolled prior to 1 January 2012",National,Australia,"University of Melbourne was formerly known by a different name: Institute of Early Childhood Development OR Kindergarten Training College OR Melbourne College of Advanced Education OR Melbourne Kindergarten Teachers' College OR State College of Victoria"
Diploma,"University of Melbourne","Diploma of Arts (Child Care Studies)",,"Any date before 1 January 2017",National,Australia,"Also known as 'Diploma in Arts (Child Care Studies)'. University of Melbourne was formerly known by a different name: Institute of Early Childhood Development OR Kindergarten Training College OR Melbourne College of Advanced Education OR Melbourne Kindergarten Teachers' College OR State College of Victoria"
Diploma,"University of Melbourne","Diploma of Child Care Services",,"Any date before 1 January 2017",National,Australia,"University of Melbourne was formerly known by a different name: Institute of Early Childhood Development OR Kindergarten Training College OR Melbourne College of Advanced Education OR Melbourne Kindergarten Teachers' College OR State College of Victoria"
ECT,"University of Melbourne","Diploma of Kindergarten Training College",,"Any date if enrolled prior to 1 January 2012",National,Australia,"University of Melbourne was formerly known by a different name: Institute of Early Childhood Development OR Kindergarten Training College OR Melbourne College of Advanced Education OR Melbourne Kindergarten Teachers' College OR State College of Victoria"
ECT,"University of Melbourne","Diploma of Melbourne Kindergarten Teachers' College",,"Any date if enrolled prior to 1 January 2012",National,Australia,"University of Melbourne was formerly known by a different name: Institute of Early Childhood Development OR Kindergarten Training College OR Melbourne College of Advanced Education OR Melbourne Kindergarten Teachers' College OR State College of Victoria"
ECT,"University of Melbourne","Diploma of Social Science (Child Care Services)",,"Any date if enrolled prior to 1 January 2012",National,Australia,"Also known as 'Diploma in Social Science (Child Care Services)'. University of Melbourne was formerly known by a different name: Institute of Early Childhood Development OR Kindergarten Training College OR Melbourne College of Advanced Education OR Melbourne Kindergarten Teachers' College OR State College of Victoria"
ECT,"University of Melbourne","Diploma of Social Science (Child Care)",,"Any date if enrolled prior to 1 January 2012",National,Australia,"University of Melbourne was formerly known by a different name: Institute of Early Childhood Development OR Kindergarten Training College OR Melbourne College of Advanced Education OR Melbourne Kindergarten Teachers' College OR State College of Victoria"
ECT,"University of Melbourne","Diploma of Teaching (Early Childhood Education)",,"Any date if enrolled prior to 1 January 2012",National,Australia,"This qualification was also known as Diploma of Teaching (Early Childhood Studies). University of Melbourne was formerly known by a different name: Institute of Early Childhood Development OR Kindergarten Training College OR Melbourne College of Advanced Education OR Melbourne Kindergarten Teachers' College OR State College of Victoria"
ECT,"University of Melbourne","Diploma of Teaching (Early Childhood)",,"Any date if enrolled prior to 1 January 2012",National,Australia,"University of Melbourne was formerly known by a different name: Institute of Early Childhood Development OR Kindergarten Training College OR Melbourne College of Advanced Education OR Melbourne Kindergarten Teachers' College OR State College of Victoria"
ECT,"University of Melbourne","Graduate Diploma in Child Development",,"Any date if enrolled prior to 1 January 2012",National,Australia,"University of Melbourne was formerly known by a different name: Institute of Early Childhood Development OR Kindergarten Training College OR Melbourne College of Advanced Education OR Melbourne Kindergarten Teachers' College OR State College of Victoria. Also known as the Postgraduate Diploma in Child Development."
ECT,"University of Melbourne","Graduate Diploma in Early Childhood Studies",,"Any date if enrolled prior to 1 January 2012",National,Australia,"University of Melbourne was formerly known by a different name: Institute of Early Childhood Development OR Kindergarten Training College OR Melbourne College of Advanced Education OR Melbourne Kindergarten Teachers' College OR State College of Victoria. Also known as the Postgraduate Diploma in Early Childhood Studies."
ECT,"University of Melbourne","Master of Teaching (Early Childhood)",MC-TEACHEC,"Any date if enrolled prior to October 2022",National,Australia,"ACECQA assessed and approved this qualification on 7 November 2016."
ECT,"University of Melbourne","Master of Teaching (Early Years)",MC-TEACHYA,"Any date if enrolled prior to 1 January 2017",National,Australia,
ECT,"University of Melbourne","Graduate Diploma in Teaching (Early Childhood)","GD-TEACHEC / PD-TEACHEC","Any date if enrolled prior to October 2023",National,Australia,"ACECQA reassessed and reapproved this qualification on 15 October 2018. Also known as the Postgraduate Diploma in Teaching (Early Childhood)."
ECT,"University of Melbourne","Graduate Diploma in Early Childhood Teaching",GD-ECTCH,"Any date if enrolled prior to January 2026",National,Australia,"ACECQA assessed and approved this program on 9 December 2020."
ECT,"University of Melbourne","Master of Teaching (Early Childhood)",MC-TEACHEC,"Any date if enrolled prior to January 2028",National,Australia,"ACECQA assessed and approved this qualification on 21 January 2022."
ECT,"University of Melbourne","Master of Teaching (Early Childhood and Primary)",MC-TEACHEP,"Any date if enrolled prior to October 2022",National,Australia,"ACECQA assessed and approved this program on 7 November 2016"
ECT,"University of Melbourne","Master of Teaching (Early Childhood and Primary)",MC-TCHECP,"Any date if enrolled prior to August 2028",National,Australia,"ACECQA reassessed and approved this qualification on 4 February 2022."
ECT,"University of Melbourne","Graduate Diploma in Early Childhood Teaching",GD-ECTCH,"Any date if enrolled prior to January 2031",National,Australia,"ACECQA reassessed and reapproved this qualification on 16 January 2026."
Diploma,"University of Mysore","Master of Science (Human Development)",,"Any date before 1 January 2012",Queensland,India,"This qualification was previously assessed by the Queensland Government as being the equivalent to a Diploma qualification. Individuals seeking to work outside Queensland (or graduated after 1 January 2012) may still be eligible for recognition as a qualified educator if they apply to ACECQA for an assessment of equivalence."
Diploma,"University of New England","Associate Diploma of Child Studies (2 year exit point)",,"Any date before 1 January 2012",National,Australia,"Also known as 'Associate Diploma in Child Studies (2 year exit point)'."
ECT,"University of New England","Bachelor of Education (Early Childhood and Primary)",,"Any date if enrolled prior to July 2028",National,Australia,"ACECQA assessed and approved this qualification on 30 June 2023."
ECT,"University of New England","Bachelor of Education (Early Childhood)",BEDEC,"Any date if enrolled prior to 1 January 2017",National,Australia,"Also previously known as 'Bachelor of Education (Early Childhood Education)'."
ECT,"University of New England","Bachelor of Teaching (Early Childhood Education)","BTECE, BTCHEC","Any date if enrolled prior to 1 January 2017",National,Australia,
ECT,"University of New England","Bachelor of Teaching (Early Childhood) - 3 year exit point",,"Any date if enrolled prior to 1 January 2012",National,Australia,
ECT,"University of New England","Bachelor of Teaching (Early Childhood) - 4 year exit point",,"Any date if enrolled prior to 1 January 2012",National,Australia,
ECT,"University of New England","Bachelor of Education (Early Childhood and Primary)",,"Any date if enrolled prior to December 2018",National,Australia,"ACECQA assessed and approved this qualification on 5 February 2013"
ECT,"University of New England","Bachelor of Education (Early Childhood Teaching)","BEDEC1, BEd(ECT)","Any date if enrolled prior to August 2023",National,Australia,"ACECQA assessed and approved this qualification on 28 August 2015."
ECT,"University of New England","Bachelor of Education (Early Childhood and Primary)",BEDECP,"Any date if enrolled prior to July 2028",National,Australia,"ACECQA reassessed and reapproved this program on 30 June 2023."
ECT,"University of New England","Bachelor of Education (Early Childhood Education and Care)",BEDECE,"Any date if enrolled prior to March 2028",National,Australia,"ACECQA assessed and approved this qualification on 21 March 2023"
ECT,"University of New England","Bachelor of Education (Early Childhood Education and Care)",BEDECE,"Any date if enrolled prior to August 2029",National,Australia,"ACECQA reassessed and approved this program on 17 July 2024."
ECT,"University of Newcastle","Bachelor of Early Childhood Teaching",,"Any date if enrolled prior to 1 January 2012",National,Australia,
ECT,"University of Newcastle","Bachelor of Education (Early Childhood)",,"Any date if enrolled prior to 1 January 2012",National,Australia,
ECT,"University of Newcastle","Bachelor of Education in Early Childhood Education",,"Any date if enrolled prior to 1 January 2012",National,Australia,
ECT,"University of Newcastle","Bachelor of Teaching (Early Childhood)",,"Any date if enrolled prior to 1 January 2012",National,Australia,
ECT,"University of Newcastle","Bachelor of Teaching (ECE specialisation)",,"Any date if enrolled prior to 1 January 2012",National,Australia,
ECT,"University of Newcastle","Bachelor of Teaching (Primary) / Bachelor of Early Childhood Studies",12216,"Any date if enrolled prior to 1 January 2017",National,Australia,
ECT,"University of Newcastle","Bachelor of Teaching together with Bachelor of Social Science",,"Any date if enrolled prior to 1 January 2012",National,Australia,
ECT,"University of Newcastle","Bachelor of Teaching together with Bachelor of Social Science (Early Childhood Specialisation)",,"Any date if enrolled prior to 1 January 2012",National,Australia,
ECT,"University of Newcastle","Bachelor of Teaching/Bachelor of Early Childhood Studies",,"Any date if enrolled prior to 1 January 2012",National,Australia,
ECT,"University of Newcastle","Diploma of Teaching (Early Childhood Education)",,"Any date if enrolled prior to 1 January 2012",National,Australia,
ECT,"University of Newcastle","Diploma of Teaching (Early Childhood)",,"Any date if enrolled prior to 1 January 2012",National,Australia,
ECT,"University of Newcastle","Master of Early Childhood Education (Pathway 2)",10934,"Any date if enrolled prior to 1 January 2017",National,Australia,"Also known as Master of Early Childhood Education (4th Year qualification pathway)."
ECT,"University of Newcastle","Bachelor of Teaching (Early Childhood and Primary)(Honours)",12366,"Any date if enrolled prior to October 2019",National,Australia,"ACECQA assessed and approved this qualification on 20 October 2014."
ECT,"University of Newcastle","Diploma in Teaching",,"Any date if enrolled prior to 1 January 2012",National,Australia,"Transcript must show early childhood specialisation. "
ECT,"University of Newcastle","Bachelor of Education (Early Childhood and Primary) (Honours)",40109,"Any date if enrolled prior to June 2024",National,Australia,"ACECQA assessed and approved this qualification 15 November 2018"
ECT,"University of Newcastle","Bachelor of Education (Early Childhood and Primary)",40105,"Any date if enrolled prior to June 2024",National,Australia,"ACECQA assessed and approved this qualification 31 October 2018"
ECT,"University of Newcastle","Bachelor of Education (Early Childhood and Primary)","40105 / 50093","Any date if enrolled prior to June 2029",National,Australia,"ACECQA reassessed and approved this qualification 21 May 2024. The Bachelor of Education (Early Childhood and Primary) may also have the course code 50093."
ECT,"University of Newcastle","Bachelor of Education (Early Childhood and Primary) (Honours)",40109,"Any date if enrolled prior to June 2029",National,Australia,"ACECQA reassessed and approved this qualification 21 May 2024"
Diploma,"University of North London","Bachelor of Arts Education (Early Childhood Studies)",,"Any date before 1 January 2012",Queensland,"United Kingdom","This qualification was previously assessed by the Queensland Government as being the equivalent to a Diploma qualification. Individuals seeking to work outside Queensland (or graduated after 1 January 2012) may still be eligible for recognition as a qualified educator if they apply to ACECQA for an assessment of equivalence."
ECT,"University of Notre Dame","Bachelor of Education (Birth to Twelve Years)","3475 / 3315","Any date if enrolled prior to December 2018",National,Australia,"ACECQA reassessed and reapproved this program on 28 June 2013."
ECT,"University of Notre Dame","Bachelor of Education (Conversion) Early Childhood Specialisation",3088,"Any date if enrolled prior to 1 January 2017",National,Australia,
ECT,"University of Notre Dame","Bachelor of Education (Early Childhood and Care: 0-8 Years)",3382,"Any date if enrolled prior to 1 January 2017",National,Australia,
ECT,"University of Notre Dame","Bachelor of Education (Early Childhood Education and Care: 0-8 years) / Bachelor of Arts",3426,"Any date if enrolled prior to 1 January 2017",National,Australia,
ECT,"University of Notre Dame","Bachelor of Education (Early Childhood Education and Care: 0-8 years) / Bachelor of Arts (Honours)",3415,"Any date if enrolled prior to 1 January 2017",National,Australia,
ECT,"University of Notre Dame","Bachelor of Education (Early Childhood Education and Care: 0-8 years) / Bachelor of Behavioural Science",3427,"Any date if enrolled prior to 1 January 2017",National,Australia,
ECT,"University of Notre Dame","Bachelor of Education (Early Childhood Education and Care: 0-8 years) / Bachelor of Science",3428,"Any date if enrolled prior to 1 January 2017",National,Australia,
ECT,"University of Notre Dame","Bachelor of Education (Early Childhood)",,"Any date if enrolled prior to 1 January 2012",National,Australia,
ECT,"University of Notre Dame","Bachelor of Education (Early Childhood)",3089,"Any date if enrolled prior to 1 January 2017",National,Australia,
ECT,"University of Notre Dame","Bachelor of Education (K-7)",3100,"Any date if enrolled prior to 1 January 2017",National,Australia,
ECT,"University of Notre Dame","Bachelor of Education (Primary)",,"Any date if enrolled prior to 1 January 2012",National,Australia,
ECT,"University of Notre Dame","Bachelor of Education Conversion (Early Childhood Specialisation)",,"Any date if enrolled prior to 1 January 2012",National,Australia,"(2 years concersion for Aboriginal Indigenous Education Officers (BECC)"
Diploma,"University of Notre Dame","Bachelor of Social Science",,"Any date before 1 January 2017",National,Australia,
ECT,"University of Notre Dame","Graduate Certificate in Education (Early Childhood)",4069,"Any date if enrolled prior to June 2021",National,Australia,"ACECQA assessed and approved this qualification on 20 June 2016."
ECT,"University of Notre Dame","Graduate Certificate in Education (Early Childhood)",4069,"Any date if enrolled prior to October 2026",National,Australia,"ACECQA reassessed and reapproved this qualification on 16 September 2021."
ECT,"University of Notre Dame","Graduate Certificate in Education (Early Childhood)",,"Any date if enrolled prior to 1 January 2012",National,Australia,
ECT,"University of Notre Dame","Master of Education (Early Childhood)",5028,"Any date if enrolled prior to May 2022",National,Australia,"ACECQA reassessed and reapproved this program on 15 May 2017."
ECT,"University of Notre Dame","Master of Education (Early Childhood)",5028,"Any date if enrolled prior to October 2026",National,Australia,"ACECQA reassessed and reapproved this qualification on 22 September 2021."
ECT,"University of Notre Dame","Master of Education (Early Childhood)",,"Any date if enrolled prior to 1 January 2012",National,Australia,
ECT,"University of Notre Dame","Master of Teaching (Early Childhood K-7)",,"Any date if enrolled prior to 1 January 2012",National,Australia,
ECT,"University of Notre Dame","Master of Teaching (Early Childhood)",,"Any date if enrolled prior to 1 January 2012",National,Australia,
ECT,"University of Notre Dame","Master of Teaching (Early Childhood)",5060,"Any date if enrolled prior to 1 January 2017",National,Australia,
ECT,"University of Notre Dame","Master of Teaching (K-7)",5061,"Any date if enrolled prior to 1 January 2017",National,Australia,
ECT,"University of Notre Dame","Master of Teaching Conversion (K-7)",5086,"Any date if enrolled prior to 1 January 2017",National,Australia,
ECT,"University of Notre Dame","Graduate Diploma in Education (Early Childhood Education)",4044,"Any date if enrolled prior to 1 January 2012",National,Australia,"Qualification awarded from 1997-1999."
ECT,"University of Notre Dame","Graduate Certificate in Early Childhood Education",4147,"Any date if enrolled prior to June 2021",National,Australia,"ACECQA assessed and approved this qualification 20 June 2016."
ECT,"University of Notre Dame","Bachelor of Primary Education (Early Childhood specialisation)",3476,"Any date if enrolled prior to May 2025",National,Australia,"ACECQA assessed and approved this qualification 7 May 2019."
ECT,"University of Notre Dame","Bachelor of Education (Early Childhood Education and Care: 0-8 years)",3382,"Any date if enrolled prior to November 2025",National,Australia,"ACECQA assessed and approved this qualification 9 October 2020."
ECT,"University of Notre Dame","Bachelor of Education (Early Learning)",3584,"Any date if enrolled prior to October 2028",National,Australia,"ACECQA assessed and approved this qualification on 15 September 2023."
ECT,"University of Notre Dame","Bachelor of Early Learning",3580,"Any date if enrolled prior to October 2028",National,Australia,"ACECQA assessed and approved this qualification on 15 September 2023."
ECT,"University of Notre Dame","Bachelor of Early Childhood Education",3589,"Any date if enrolled prior to March 2030",National,Australia,"ACECQA assessed and approved this qualification on 25 February 2025."
Diploma,"University of Otago","Bachelor of Education (Early Childhood Education)",,"Any date before 1 January 2012",Queensland,"New Zealand","This qualification was previously assessed by the Queensland Government as being the equivalent to a Diploma qualification. Individuals seeking to work outside Queensland (or graduated after 1 January 2012) may still be eligible for recognition as a qualified educator if they apply to ACECQA for an assessment of equivalence."
Diploma,"University of Otago","Diploma of Teaching in Early Childhood Education",,"Any date before 1 January 2012",Queensland,"New Zealand","This qualification was previously assessed by the Queensland Government as being the equivalent to a Diploma qualification. Individuals seeking to work outside Queensland (or graduated after 1 January 2012) may still be eligible for recognition as a qualified educator if they apply to ACECQA for an assessment of equivalence."
Diploma,"University of Port Harcourt","Bachelor of Arts (Education)",,"Any date before 1 January 2012",Queensland,Nigeria,"This qualification was previously assessed by the Queensland Government as being the equivalent to a Diploma qualification. Individuals seeking to work outside Queensland (or graduated after 1 January 2012) may still be eligible for recognition as a qualified educator if they apply to ACECQA for an assessment of equivalence."
Diploma,"University of Pretoria","Bachelor of Education (Early Childhood Development and Foundation Phase)",,"Any date before 1 January 2012",Queensland,"South Africa","This qualification was previously assessed by the Queensland Government as being the equivalent to a Diploma qualification. Individuals seeking to work outside Queensland (or graduated after 1 January 2012) may still be eligible for recognition as a qualified educator if they apply to ACECQA for an assessment of equivalence."
Diploma,"University of Pretoria","Bachelor of Primary Education (Pre-Primary)",,"Any date before 1 January 2012",Queensland,"South Africa","This qualification was previously assessed by the Queensland Government as being the equivalent to a Diploma qualification. Individuals seeking to work outside Queensland (or graduated after 1 January 2012) may still be eligible for recognition as a qualified educator if they apply to ACECQA for an assessment of equivalence."
Diploma,"University of Pretoria","Higher Education Diploma Pre and Junior Primary",,"Any date before 1 January 2012",Queensland,"South Africa","This qualification was previously assessed by the Queensland Government as being the equivalent to a Diploma qualification. Individuals seeking to work outside Queensland (or graduated after 1 January 2012) may still be eligible for recognition as a qualified educator if they apply to ACECQA for an assessment of equivalence."
Diploma,"University of Rajasthan","Master of Science (Home Science)(Human Development)",,"Any date before 1 January 2012",Queensland,India,"This qualification was previously assessed by the Queensland Government as being the equivalent to a Diploma qualification. Individuals seeking to work outside Queensland (or graduated after 1 January 2012) may still be eligible for recognition as a qualified educator if they apply to ACECQA for an assessment of equivalence."
Diploma,"University of Rijeka","Diploma of Preschool Teacher",,"Any date before 1 January 2012",Queensland,Croatia,"This qualification was previously assessed by the Queensland Government as being the equivalent to a Diploma qualification. Individuals seeking to work outside Queensland (or graduated after 1 January 2012) may still be eligible for recognition as a qualified educator if they apply to ACECQA for an assessment of equivalence."
Diploma,"University of San Bueanaventur","Licenciado en Education Preescolar (Bachelor in Preschool Education)",,"Any date before 1 January 2012",Queensland,Colombia,"This qualification was previously assessed by the Queensland Government as being the equivalent to a Diploma qualification. Individuals seeking to work outside Queensland (or graduated after 1 January 2012) may still be eligible for recognition as a qualified educator if they apply to ACECQA for an assessment of equivalence."
Diploma,"University of Sherbrooke","Bachelor of Education (primary and preschool)",,"Any date before 1 January 2012",Queensland,Canada,"This qualification was previously assessed by the Queensland Government as being the equivalent to a Diploma qualification. Individuals seeking to work outside Queensland (or graduated after 1 January 2012) may still be eligible for recognition as a qualified educator if they apply to ACECQA for an assessment of equivalence."
Diploma,"University of South Africa","Bachelor of Education (Early Childhood Development: Foundation Phase)",,"Any date before 1 January 2012",Queensland,"South Africa","This qualification was previously assessed by the Queensland Government as being the equivalent to a Diploma qualification. Individuals seeking to work outside Queensland (or graduated after 1 January 2012) may still be eligible for recognition as a qualified educator if they apply to ACECQA for an assessment of equivalence."
Diploma,"University of South Africa","Bachelor of Education (Early Childhood Education)",,"Any date before 1 January 2012",Queensland,"South Africa","This qualification was previously assessed by the Queensland Government as being the equivalent to a Diploma qualification. Individuals seeking to work outside Queensland (or graduated after 1 January 2012) may still be eligible for recognition as a qualified educator if they apply to ACECQA for an assessment of equivalence."
Diploma,"University of South Africa","Bachelor of Primary Education (with specialisation in Early Childhood Development)",,"Any date before 1 January 2012",Queensland,"South Africa","This qualification was previously assessed by the Queensland Government as being the equivalent to a Diploma qualification. Individuals seeking to work outside Queensland (or graduated after 1 January 2012) may still be eligible for recognition as a qualified educator if they apply to ACECQA for an assessment of equivalence."
Diploma,"University of South Africa","Higher Education Diploma (Pre-Primary)",,"Any date before 1 January 2012",Queensland,"South Africa","This qualification was previously assessed by the Queensland Government as being the equivalent to a Diploma qualification. Individuals seeking to work outside Queensland (or graduated after 1 January 2012) may still be eligible for recognition as a qualified educator if they apply to ACECQA for an assessment of equivalence."
"Certificate III","University of South Africa","National Certificate in Early Childhood Development",,"Any date before 1 January 2012",Queensland,"South Africa","This qualification was previously assessed by the Queensland Government as being the equivalent to a Certificate III qualification. Individuals seeking to work outside Queensland (or graduated after 1 January 2012) may still be eligible for recognition as a qualified educator if they apply to ACECQA for an assessment of equivalence."
Diploma,"University of South Africa","Postgraduate Certificate in Education (Foundation Phase and Early Childhood Development)",,"Any date before 1 January 2012",Queensland,"South Africa","Also known as Postgraduate Certificate in Education (Preprimary). This qualification was previously assessed by the Queensland Government as being the equivalent to a Diploma qualification. Individuals seeking to work outside Queensland (or graduated after 1 January 2012) may still be eligible for recognition as a qualified educator if they apply to ACECQA for an assessment of equivalence."
ECT,"University of South Australia","Bachelor of Early Childhood Education",MBCE,"Any date if enrolled prior to 1 January 2017",National,Australia,
ECT,"University of South Australia","Bachelor of Early Childhood Education (In-service)",MBIE,"Any date if enrolled prior to 1 January 2017",National,Australia,
ECT,"University of South Australia","Bachelor of Early Childhood Studies",,"Any date if enrolled prior to 1 January 2012",National,Australia,"University of South Australia was formerly known by a different name: South Australian Institute of Technology OR South Australian College of Advanced Education"
ECT,"University of South Australia","Bachelor of Education (Early Childhood Education)",,"Any date if enrolled prior to 1 January 2012",National,Australia,"Also known as 'Bachelor of Education (In-Service)'. University of South Australia was formerly known by a different name: South Australian Institute of Technology OR South Australian College of Advanced Education"
ECT,"University of South Australia","Bachelor of Education (Early Childhood)",MBET,"Any date if enrolled prior to June 2018",National,Australia,"ACECQA assessed and approved this qualification on 9 November 2012."
ECT,"University of South Australia","Bachelor of Social Science (Human Services: Child Care)",,"Any date if enrolled prior to 1 January 2012",National,Australia,"University of South Australia was formerly known by a different name: South Australian Institute of Technology OR South Australian College of Advanced Education"
ECT,"University of South Australia","Bachelor of Teaching (Early Childhood Education)",,"Any date if enrolled prior to 1 January 2012",National,Australia,"University of South Australia was formerly known by a different name: South Australian Institute of Technology OR South Australian College of Advanced Education"
ECT,"University of South Australia","Diploma of Teaching (Early Childhood Education)",,"Any date if enrolled prior to 1 January 2012",National,Australia,"University of South Australia was formerly known by a different name: South Australian Institute of Technology OR South Australian College of Advanced Education"
ECT,"University of South Australia","Diploma of Teaching (Primary Early Childhood)",,"Any date if enrolled prior to 1 January 2012",National,Australia,"University of South Australia was formerly known by a different name: South Australian Institute of Technology OR South Australian College of Advanced Education"
ECT,"University of South Australia","Graduate Certificate in Education (early childhood leadership)",LCAV,"Any date if enrolled prior to 1 January 2017",National,Australia,
ECT,"University of South Australia","Master of Education (early childhood leadership)",MMEU,"Any date if enrolled prior to 1 January 2017",National,Australia,
ECT,"University of South Australia","Master of Teaching (Early Childhood)","MMEA / MMET","Any date if enrolled prior to November 2017",National,Australia,"ACECQA reassessed and reapproved this qualification on 9 November 2012."
ECT,"University of South Australia","Bachelor of Early Childhood Education (Honours)","MHEC, LHEC","Any date if enrolled prior to March 2029",National,Australia,"ACECQA reassessed and reapproved this qualification on 16 February 2024.From 2026, the University of South Australia will be known as Adelaide University, due to the amalgamation of University of Adelaide and University of South Australia. From 2026 to the end of 2028, this qualification may be awarded by Adelaide University."
ECT,"University of South Australia","Master of Teaching (Early Childhood)",MMET,"Any date if enrolled prior to January 2026",National,Australia,"ACECQA assessed and approved this qualification on 28 January 2020.From 2026, the University of South Australia will be known as Adelaide University, due to the amalgamation of University of Adelaide and University of South Australia. From 2026 to the end of 2028, this qualification may be awarded by Adelaide University."
ECT,"University of South Australia","Bachelor of Early Childhood (B-5 years)",MBXC,"Any date prior to April 2028",National,Australia,"ACECQA assessed and approved this qualification on 30 March 2023.From 2026, the University of South Australia will be known as Adelaide University, due to the amalgamation of University of Adelaide and University of South Australia. From 2026 to the end of 2028, this qualification may be awarded by Adelaide University."
Diploma,"University of Southern Queensland","Associate Degree in General Education Studies",,"Any date before 1 January 2012",National,Australia,
ECT,"University of Southern Queensland","Bachelor of Early Childhood",,"Any date if enrolled prior to 1 January 2012",National,Australia,
ECT,"University of Southern Queensland","Bachelor of Early Childhood",BECH,"Any date if enrolled prior to January 2029",National,Australia,"ACECQA reassessed and reapproved this qualification on 5 December 2023."
ECT,"University of Southern Queensland","Bachelor of Early Childhood Education",,"Any date if enrolled prior to 1 January 2012",National,Australia,
ECT,"University of Southern Queensland","Bachelor of Early Childhood Studies (Child Care)",,"Any date if enrolled prior to 1 January 2012",National,Australia,
ECT,"University of Southern Queensland","Bachelor of Education (Early Childhood)","BEED / BEDU / BEDU-EC","Any date if enrolled prior to January 2024",National,Australia,"ACECQA reassessed and reapproved this qualification on 15 November 2017. Transcript must show individual completed Early Childhood specialisation."
Diploma,"University of Southern Queensland","Bachelor of General Education Studies exit from Bachelor of Education (Early Childhood)",,"Any date before 1 January 2017",National,Australia,
ECT,"University of Southern Queensland","Bachelor of Teaching with specialisation in Early Childhood Education",,"Any date if enrolled prior to 1 January 2012",National,Australia,
ECT,"University of Southern Queensland","Diploma of Teaching (Primary) with specialisation in Early Childhood Education",,"Any date if enrolled prior to 1 January 2012",National,Australia,
ECT,"University of Southern Queensland","Graduate Diploma of Education (Child Care)",,"Any date if enrolled prior to 1 January 2012",National,Australia,
ECT,"University of Southern Queensland","Graduate Diploma of Education (Early Childhood Studies)",,"Any date if enrolled prior to 1 January 2012",National,Australia,
Diploma,"University of Southern Queensland","Master of Education with a major in Early Childhood",,"Any date before 1 January 2017",National,Australia,
ECT,"University of Southern Queensland","Master of Learning and Development (Early Childhood)",,"Any date if enrolled prior to 1 January 2012",National,Australia,
ECT,"University of Southern Queensland","Master of Learning and Development (with a specialisation in Early Childhood)","MLAD-EC / MLDA-EC","Any date if enrolled prior to 1 January 2017",National,Australia,
ECT,"University of Southern Queensland","Master of Learning and Teaching (Early Years)",MELT,"Any date if enrolled prior to 1 February 2026",National,Australia,"ACECQA assessed and approved this qualification on 25 January 2021."
ECT,"University of Southern Queensland","Graduate Diploma of Early Childhood Education and Care",GDCH,"Any date if enrolled prior to February 2027",National,Australia,"ACECQA assessed and approved this qualification on 21 January 2022."
ECT,"University of Southern Queensland","Graduate Certificate of Early Childhood Education and Care",GCCH,"Any date if enrolled prior to February 2027",National,Australia,"ACECQA assessed and approved this qualification on 21 January 2022."
ECT,"University of Southern Queensland","Bachelor of Education (Early Childhood)",BEED,"Any date prior to January 2029",National,Australia,"ACECQA assessed and approved this qualification on 5 December 2023."
ECT,"University of Southern Queensland","Master of Learning and Teaching (Early Years)",MELT,"Any date if enrolled prior to January 2031",National,Australia,"ACECQA reassessed and reapproved this qualification on 16 January 2026."
ECT,"University of Sydney","Bachelor of Education (Early Childhood)",,"Any date if enrolled prior to 1 January 2012",National,Australia,
ECT,"University of Sydney","Bachelor of Education Pre-Primary",,"Any date if enrolled prior to 1 January 2012",National,Australia,
ECT,"University of Sydney","Bachelor of Teaching (Early Childhood)",XH028,"Any date if enrolled prior to 1 January 2017",National,Australia,
ECT,"University of Sydney","Diploma of Teaching (Early Childhood Education)",,"Any date if enrolled prior to 1 January 2012",National,Australia,
ECT,"University of Sydney","Diploma of Teaching (Infants Education)",,"Any date if enrolled prior to 1 January 2012",National,Australia,
ECT,"University of Sydney","Master of Teaching","XC034 / XC007","Any date if enrolled prior to May 2019",National,Australia,"ACECQA reassessed and reapproved this program on 19 May 2014. Transcript must show individual completed the Early Childhood Education specialisation."
ECT,"University of Sydney","Bachelor of Education (Early Childhood)","BUEDUECH-01 / XH033","Any date if enrolled prior to June 2021",National,Australia,"ACECQA assessed and approved this qualification on 29 June 2016. This qualification is also known as the Bachelor of Education (Early Childhood Education) with course code BUEDUECH-01."
ECT,"University of Sydney","Master of Teaching (Early Childhood)",MATEACHI‐02,"Any date if enrolled prior to January 2025",National,Australia,"ACECQA assessed and approved this qualification 6 December 2018."
ECT,"University of Sydney","Bachelor of Education (Early Childhood)","BUEDUECH-01 / BPEDUECH-01","Any date if enrolled prior to December 2027",National,Australia,"ACECQA assessed and approved this qualification on 8 July 2021. This qualification is also known as the Bachelor of Education (Early Childhood Education)."
ECT,"University of Sydney","Master of Teaching (Early Childhood)",MATEACHI-02,"Any date if enrolled prior to January 2030",National,Australia,"ACECQA assessed and approved this qualification on 19 December 2024."
Diploma,"University of Szezecin","Master of Arts in Pedagogics",,"Any date before 1 January 2012",Queensland,Poland,"This qualification was previously assessed by the Queensland Government as being the equivalent to a Diploma qualification. Individuals seeking to work outside Queensland (or graduated after 1 January 2012) may still be eligible for recognition as a qualified educator if they apply to ACECQA for an assessment of equivalence."
Diploma,"University of Tal Ca","Early Childhood Teacher",,"Any date before 1 January 2012",Queensland,Chile,"This qualification was previously assessed by the Queensland Government as being the equivalent to a Diploma qualification. Individuals seeking to work outside Queensland (or graduated after 1 January 2012) may still be eligible for recognition as a qualified educator if they apply to ACECQA for an assessment of equivalence."
ECT,"University of Tasmania","Bachelor of Education (together with ECE specialisation evidence)",,"Any date if enrolled prior to 1 January 2012",National,Australia,
ECT,"University of Tasmania","Bachelor of Education and Care (Early Years) together with an approved diploma level education and care qualification",,"Any date if enrolled prior to 1 January 2012",National,Australia,
ECT,"University of Tasmania","Bachelor of Teaching (together with ECE specialisation evidence)",,"Any date if enrolled prior to 1 January 2012",National,Australia,
Diploma,"University of Tasmania","Diploma of Child Care (or Early Childhood)",,"Any date before 1 January 2017",National,Australia,"Also known as 'Diploma in Child Care (or Early Childhood)'."
ECT,"University of Tasmania","Diploma of Teaching (Early Childhood Education)",,"Any date if enrolled prior to 1 January 2012",National,Australia,
ECT,"University of Tasmania","Diploma of Teaching (Early Childhood)",,"Any date if enrolled prior to 1 January 2012",National,Australia,
ECT,"University of Tasmania","Graduate Diploma in Education (Early Childhood)",,"Any date if enrolled prior to 1 January 2012",National,Australia,
ECT,"University of Tasmania","Graduate Certificate in Education (Early Childhood)","E5 / E5L","Any date if enrolled prior to September 2019",National,Australia,"ACECQA assessed and approved this program on 11 June 2014."
ECT,"University of Tasmania","Bachelor of Arts together with a Diploma of Education and ECE specialisation evidence",,"Any date if enrolled prior to 1 January 2012",National,Australia,
ECT,"University of Tasmania","Diploma of Education together with a Bachelor degree and ECE specialisation evidence",,"Any date if enrolled prior to 1 January 2012",National,Australia,"One year Diploma of Education issued prior to 1997. Diploma of Education must show evidence of ECE specialisation and be combined with a three year Bachelor degree."
ECT,"University of Tasmania","Bachelor of Education (Early Childhood)",43A,"Any date if enrolled prior to February 2021",National,Australia,"ACECQA reassessed and reapproved this qualification on 5 February 2016."
ECT,"University of Tasmania","Graduate Certificate in Early Childhood Education","E5M / E5R / E5Y","Any date if enrolled prior to August 2030",National,Australia,"ACECQA reassessed and reapproved this program on 15 August 2025. The transcript must show evidence that the early childhood specialisation was completed. This qualification was also previously known as the 'Graduate Certificate in Education (Specialisation)' with course code 'E5R'.The Graduate Certificate in Early Childhood Education E5M may be undertaken as a standalone post graduate program or commenced at year three of the Bachelor of Education (Primary) as a part of the double degree E5Y Bachelor of Education (Primary) and Graduate Certificate in Early Childhood Education.If undertaken as a part of the double degree students must be issued with a testamur for the Bachelor of Education (Primary) and a separate testamur for the Graduate Certificate in Early Childhood Education. The transcript must also state enrolment/conferral of Bachelor of Education (Primary) and Graduate Certificate in Early Childhood Education. Please note only the Graduate Certificate in Early Childhood Education is an ACECQA approved program as a part of the double degree. The Bachelor of Education (Primary) is not an ACECQA approved qualification."
Diploma,"University of the Free State","Baccalaureus Educationis (Preschool and Foundation phase)",,"Any date before 1 January 2012",Queensland,"South Africa","This qualification was previously assessed by the Queensland Government as being the equivalent to a Diploma qualification. Individuals seeking to work outside Queensland (or graduated after 1 January 2012) may still be eligible for recognition as a qualified educator if they apply to ACECQA for an assessment of equivalence."
"Certificate III","University of the South Pacific","Certificate in Early Childhood Education",,"Any date before 1 January 2012",Queensland,Fiji,"This qualification was previously assessed by the Queensland Government as being the equivalent to a Certificate III qualification. Individuals seeking to work outside Queensland (or graduated after 1 January 2012) may still be eligible for recognition as a qualified educator if they apply to ACECQA for an assessment of equivalence."
Diploma,"University of the South Pacific","Diploma in Early Childhood Education",,"Any date before 1 January 2012",Queensland,Fiji,"This qualification was previously assessed by the Queensland Government as being the equivalent to a Diploma qualification. Individuals seeking to work outside Queensland (or graduated after 1 January 2012) may still be eligible for recognition as a qualified educator if they apply to ACECQA for an assessment of equivalence."
"Certificate III","University of the South Pacific","Certificate III in Early Childhood Education and Care",CECC,"Any date before July 2024",National,Fiji,"ACECQA assessed and approved this qualification on 29 June 2016."
ECT,"University of the South Pacific","Bachelor of Education (Early Childhood Education and Care)(Inservice)",,"Any date if enrolled prior to April 2022",National,Fiji,"ACECQA assessed and approved this program on 18 April 2017."
Diploma,"University of the South Pacific","Diploma in Early Childhood Care and Education (Level 5)",CEDE,"Any date before March 2030",National,Fiji,"ACECQA reassessed and reapproved this program on 4 February 2025. This qualification was formerly known as the:Diploma of Early Childhood Education and Care (Level 5)Diploma of Early Childhood Education and CareDiploma of Early Childhood Care & Education (Level 5) DECEC / DECCE"
"Certificate III","University of the South Pacific","Certificate III in Early Childhood Care and Education",C3ECCE,"Any date before September 2029",National,Fiji,"ACECQA assessed and reapproved this qualification on 19 August 2024."
ECT,"University of the Sunshine Coast","Bachelor of Early Childhood Education",ED303,"Any date if enrolled prior to 1 January 2017",National,Australia,
ECT,"University of the Sunshine Coast","Bachelor of Education (Early Childhood)/Bachelor of Human Services Double Degree",,"Any date if enrolled prior to 1 January 2012",National,Australia,
ECT,"University of the Sunshine Coast","Graduate Diploma in Education (Early Learning)",,"Any date if enrolled prior to 1 January 2012",National,Australia,
ECT,"University of the Sunshine Coast","Graduate Diploma in Education Preparatory to year three",ED602,"Any date if enrolled prior to 1 January 2017",National,Australia,
ECT,"University of the Sunshine Coast","Graduate Diploma in Education with specialisation in Early Learning",,"Any date if enrolled prior to 1 January 2012",National,Australia,"Also known as the Graduate Diploma in Education Early Phase Specialisation."
ECT,"University of the Sunshine Coast","Bachelor of Education (Early Childhood)",ED303,"Any date if enrolled prior to November 2021",National,Australia,"ACECQA assessed and approved this qualification on 5 April 2016."
ECT,"University of the Sunshine Coast","Graduate Diploma in Education Early Phase specialisation",,"Any date if enrolled prior to 1 January 2012",National,Australia,"Also known as the Graduate Diploma in Education with Specialisation in Early Learning."
ECT,"University of the Sunshine Coast","Bachelor of Education (Early Childhood)",ED303,"Any date if enrolled prior to February 2027",National,Australia,"ACECQA assessed and approved this qualification on 21 January 2022."
Diploma,"University of the Sunshine Coast","Diploma in Education Studies (Early Childhood)","ED101 / DipEdStudies(EC)","Any date if enrolled prior to March 2028",National,Australia,"ACECQA assessed and approved this qualification on 24 February 2023."
ECT,"University of the Sunshine Coast","Bachelor of Education Studies (Early Childhood)",UB009,"Any date if enrolled prior to July 2029",National,Australia,"ACECQA assessed and approved this qualification on 21 June 2024."
Diploma,"University of the West of England","Post Graduate Diploma with Merit in Education (Early Years)",,"Any date before 1 January 2012",Queensland,"United Kingdom","This qualification was previously assessed by the Queensland Government as being the equivalent to a Diploma qualification. Individuals seeking to work outside Queensland (or graduated after 1 January 2012) may still be eligible for recognition as a qualified educator if they apply to ACECQA for an assessment of equivalence."
Diploma,"University of Vermont","Bachelor of Science (Early Childhood Pre K-3)",,"Any date before 1 January 2012",Queensland,"United States of America","This qualification was previously assessed by the Queensland Government as being the equivalent to a Diploma qualification. Individuals seeking to work outside Queensland (or graduated after 1 January 2012) may still be eligible for recognition as a qualified educator if they apply to ACECQA for an assessment of equivalence."
Diploma,"University of Waikato","Bachelor of Teaching (Early Childhood Education)",,"Any date before 1 January 2012",Queensland,"New Zealand","This qualification was previously assessed by the Queensland Government as being the equivalent to a Diploma qualification. Individuals seeking to work outside Queensland (or graduated after 1 January 2012) may still be eligible for recognition as a qualified educator if they apply to ACECQA for an assessment of equivalence."
Diploma,"University of Waikato","Bachelor of Teaching (Early Childhood Programme)",,"Any date before 1 January 2012",Queensland,"New Zealand","This qualification was previously assessed by the Queensland Government as being the equivalent to a Diploma qualification. Individuals seeking to work outside Queensland (or graduated after 1 January 2012) may still be eligible for recognition as a qualified educator if they apply to ACECQA for an assessment of equivalence."
Diploma,"University of Waikato","Diploma of Teaching (Early Childhood Care and Education)",,"Any date before 1 January 2012",Queensland,"New Zealand","This qualification was previously assessed by the Queensland Government as being the equivalent to a Diploma qualification. Individuals seeking to work outside Queensland (or graduated after 1 January 2012) may still be eligible for recognition as a qualified educator if they apply to ACECQA for an assessment of equivalence."
Diploma,"University of Waikato","Graduate Diploma of Teaching (Early Childhood)",,"Any date before 1 January 2012",Queensland,"New Zealand","This qualification was previously assessed by the Queensland Government as being the equivalent to a Diploma qualification. Individuals seeking to work outside Queensland (or graduated after 1 January 2012) may still be eligible for recognition as a qualified educator if they apply to ACECQA for an assessment of equivalence."
Diploma,"University of Wales","Bachelor of Arts (Honours) in Education with QTS (Physical Education)(Early Years)",,"Any date before 1 January 2012",Queensland,"United Kingdom","This qualification was previously assessed by the Queensland Government as being the equivalent to a Diploma qualification. Individuals seeking to work outside Queensland (or graduated after 1 January 2012) may still be eligible for recognition as a qualified educator if they apply to ACECQA for an assessment of equivalence."
Diploma,"University of Wales","Bachelor of Arts in Education: Primary studies with Second Class Honours (Early Years-Key Stage 1)",,"Any date before 1 January 2012",Queensland,"United Kingdom","This qualification was previously assessed by the Queensland Government as being the equivalent to a Diploma qualification. Individuals seeking to work outside Queensland (or graduated after 1 January 2012) may still be eligible for recognition as a qualified educator if they apply to ACECQA for an assessment of equivalence."
Diploma,"University of Wales","Certificate in Education (specialisation in Nursery and Infants)",,"Any date before 1 January 2012",Queensland,"United Kingdom","This qualification was previously assessed by the Queensland Government as being the equivalent to a Diploma qualification. Individuals seeking to work outside Queensland (or graduated after 1 January 2012) may still be eligible for recognition as a qualified educator if they apply to ACECQA for an assessment of equivalence."
Diploma,"University of Warwick","Post Graduate Certificate in Education (PGCE)(Early Years)",,"Any date before 1 January 2012",Queensland,"United Kingdom","This qualification was previously assessed by the Queensland Government as being the equivalent to a Diploma qualification. Individuals seeking to work outside Queensland (or graduated after 1 January 2012) may still be eligible for recognition as a qualified educator if they apply to ACECQA for an assessment of equivalence."
ECT,"University of Western Australia","Master of Teaching (Early Childhood)","31520 / 31590","Any date if enrolled prior to June 2020",National,Australia,"ACECQA reassessed and reapproved this qualification on 18 June 2015."
ECT,"University of Western Australia","Graduate Certificate in Early Childhood Education and Care",32330,"Any date if enrolled prior to November 2023",National,Australia,"ACECQA assessed and approved this qualification on 10 October 2018."
ECT,"University of Western Australia","Master of Teaching (Early Childhood Teaching)",31520.1,"Any date if enrolled prior to October 2024",National,Australia,"ACECQA reassessed and reapproved this qualification on 2 October 2019"
Diploma,"University of Winchester","Bachelor of Arts Education Studies (Early Childhood)",,"Any date before 1 January 2012",Queensland,"United Kingdom","This qualification was previously assessed by the Queensland Government as being the equivalent to a Diploma qualification. Individuals seeking to work outside Queensland (or graduated after 1 January 2012) may still be eligible for recognition as a qualified educator if they apply to ACECQA for an assessment of equivalence."
Diploma,"University of Wisconsin","Bachelor of Science in Early Childhood Education",,"Any date before 1 January 2012",Queensland,"United States of America","This qualification was previously assessed by the Queensland Government as being the equivalent to a Diploma qualification. Individuals seeking to work outside Queensland (or graduated after 1 January 2012) may still be eligible for recognition as a qualified educator if they apply to ACECQA for an assessment of equivalence."
ECT,"University of Wollongong","Bachelor of Early Childhood Education",,"Any date if enrolled prior to 1 January 2012",National,Australia,
ECT,"University of Wollongong","Bachelor of Education (Early Childhood Education)",,"Any date if enrolled prior to 1 January 2012",National,Australia,
ECT,"University of Wollongong","Bachelor of Teaching (Early Childhood Education)",,"Any date if enrolled prior to 1 January 2012",National,Australia,"May also be known as Bachelor of Teaching (Early Childhood)."
ECT,"University of Wollongong","Bachelor of Education – The Early Years",1816,"Any date if enrolled prior to January 2019",National,Australia,"ACECQA assessed and approved this program on 23 January 2014."
ECT,"University of Wollongong","Bachelor of Education – The Early Years (Honours)",341,"Any date if enrolled prior to January 2019",National,Australia,"ACECQA assessed and approved this program on 23 January 2014."
ECT,"University of Wollongong","Bachelor of Education – The Early Years (Dean’s Scholar)",1821,"Any date if enrolled prior to January 2019",National,Australia,"ACECQA assessed and approved this program on 23 January 2014."
ECT,"University of Wollongong","Bachelor of Education - The Early Years",1816,"Any date if enrolled prior to March 2030",National,Australia,"ACECQA reassessed and reapproved this program on 7 February 2025."
ECT,"University of Wollongong","Bachelor of Education - The Early Years (Honours)",341,"Any date if enrolled prior to March 2030",National,Australia,"ACECQA reassessed and reapproved this qualification on 4 February 2025. "
ECT,"University of Wollongong","Bachelor of Education - The Early Years (Dean's Scholar)",1821,"Any date if enrolled prior to March 2025",National,Australia,"ACECQA assessed and approved this program 11 February 2019."
Diploma,"University of Worcester","Foundation Degree Arts in Early Years (Senior Practitioner Status)",,"Any date before 1 January 2012",Queensland,"United Kingdom","This qualification was previously assessed by the Queensland Government as being the equivalent to a Diploma qualification. Individuals seeking to work outside Queensland (or graduated after 1 January 2012) may still be eligible for recognition as a qualified educator if they apply to ACECQA for an assessment of equivalence."
Diploma,"Uppsala University","Degree of Master of Education for Teaching in Pre-school, Pre-school Class, Leisure Centre for School children and Compulsory School, Earlier Years",,"Any date before 1 January 2012",Queensland,Sweden,"This qualification was previously assessed by the Queensland Government as being the equivalent to a Diploma qualification. Individuals seeking to work outside Queensland (or graduated after 1 January 2012) may still be eligible for recognition as a qualified educator if they apply to ACECQA for an assessment of equivalence."
ECT,Various,"Teacher accreditation with the NSW Institute of Teachers AND a primary or secondary teaching qualification AND an approved early childhood education and care certificate III or higher qualification published on ACECQA's qualification lists",,"Any date",National,Australia,"Teacher accreditation is under the Institute of Teachers Act 2004 (NSW) - Primary and secondary teachers registered with the New Zealand Teachers Council must seek mutual recognition with the relevant state and territory registration authority to be eligible to be an early childhood teacher in Australia."
ECT,Various,"Teacher registration with the ACT Teacher Quality Institute AND a primary or secondary teaching qualification AND an approved early childhood education and care certificate III or higher qualification published on ACECQA's qualification lists",,"Any date",National,Australia,"Teacher registration is under the ACT Teacher Quality Institute Act 2010 (ACT) - Primary and secondary teachers registered with the New Zealand Teachers Council must seek mutual recognition with the relevant state and territory registration authority to be eligible to be an early childhood teacher in Australia."
ECT,Various,"Teacher registration with the Queensland College of Teachers AND a primary or secondary teaching qualification AND an approved early childhood education and care certificate III or higher qualification published on ACECQA's qualification lists",,"Any date",National,Australia,"Teacher registration is under the Education (Queensland College of Teachers) Act 2005 (Qld) - Primary and secondary teachers registered with the New Zealand Teachers Council must seek mutual recognition with the relevant state and territory registration authority to be eligible to be an early childhood teacher in Australia."
ECT,Various,"Teacher registration with Teacher Registration Board of Northern Territory AND a primary/secondary teaching qualification AND an approved early childhood education and care certificate III or higher qualification published on ACECQA's qualification list",,"Any date",National,Australia,"Teacher registration is under the Teacher Registration (Northern Territory) Act (NT) - Primary and seondary teachers registered with the New Zealand Teachers Council must seek mutual recognition with the relevant state and territory registration authority to be eligible to be an early childhood teacher in Australia."
ECT,Various,"Teacher registration with Teacher Registration Board of Western Australia AND a primary or secondary teaching qualification AND an approved early childhood education and care certificate III or higher qualification published on ACECQA's qualification list",,"Any date",National,Australia,"Teacher registration is under the Teacher Registration Act 2012 (WA) - Primary and secondary teachers registered with the New Zealand Teachers Council must seek mutual recognition with the relevant state and territory registration authority to be eligible to be an early childhood teacher in Australia."
ECT,Various,"Teacher registration with Teacher Registration Board of South Australia AND a primary or secondary teaching qualification AND an approved early childhood education and care certificate III or higher qualification published on ACECQA's qualification list",,"Any date",National,Australia,"Teacher registration is under the Teachers Registration and Standards Act 2004 (SA) - Primary and secondary teachers registered with the New Zealand Teachers Council must seek mutual recognition with the relevant state and territory registration authority to be eligible to be an early childhood teacher in Australia."
ECT,Various,"Teacher registration with the Teachers Registration Board of Tasmania AND a primary or secondary teaching qualification AND an approved early childhood  education and care certificate III or higher qualification published on ACECQA's qualification lists",,"Any date",National,Australia,"Teacher registration is under the Teachers Registration Act 2000 (Tas) - Primary and secondary teachers registered with the New Zealand Teachers Council must seek mutual recognition with the relevant state and territory registration authority to be eligible to be an early childhood teacher in Australia."
ECT,Various,"Teacher registration with the Victorian Institute of Teaching AND a primary or secondary teaching qualification AND an approved early childhood education and care certificate III or higher qualification published on ACECQA's qualification lists",,"Any date",National,Australia,"Teacher registration is under the Education and Training Reform Act 2006 (Vic) - Primary and secondary teachers registered with the New Zealand Teachers Council must seek mutual recognition with the relevant state and territory registration authority to be eligible to be an early childhood teacher in Australia."
"Suitably qualified person",Various,"An individual who is ‘actively working towards’ an approved early childhood teaching qualification AND has completed at least 50 per cent of the qualification or holds an approved early childhood education and care diploma",,"Any date",National,Australia,"See Regulation 10 of the National Regulations for the meaning of ‘actively working towards’ a qualification."
"Suitably qualified person",Various,"Teacher registration/accreditation in Australia AND a primary or secondary teaching qualification AND an approved early childhood education and care diploma or higher qualification published on ACECQA's qualification lists",,"Any date",National,Australia,"Primary or secondary teachers registered with the New Zealand Teachers Council must seek mutual recognition with the relevant state and territory regulatory authority to meet these requirements."
ECT,"Victoria University","Bachelor of Arts (Early Childhood Education)",,"Any date if enrolled prior to 1 January 2012",National,Australia,"Victoria University was formerly known by a different name: Victoria University of Technology OR Prahan College of Technical and Further Education"
ECT,"Victoria University","Bachelor of Education (Early Childhood / Primary)",ABEC,"Any date if enrolled prior to 1 January 2017",National,Australia,
ECT,"Victoria University","Graduate Diploma in Early Childhood Teaching",AGTE,"Any date if enrolled prior to 1 January 2017",National,Australia,
ECT,"Victoria University","Master of Teaching (Early Childhood)",EMTC,"Any date if enrolled prior to January 2020",National,Australia,"ACECQA assessed and approved this program on 9 January 2015."
ECT,"Victoria University","Bachelor in Early Childhood Education",EBEC,"Any date if enrolled prior to October 2022",National,Australia,"ACECQA assessed and approved this qualification on 18 October 2017."
ECT,"Victoria University","Graduate Diploma in Early Childhood Education",EGEC,"Any date if enrolled prior to April 2028",National,Australia,"ACECQA reassessed and reapproved this program on 20 March 2023."
ECT,"Victoria University","Bachelor of Early Childhood Education",EBEC,"Any date if enrolled prior to October 2026",National,Australia,"ACECQA assessed and approved this qualification on 1 February 2021. This qualification is also known as the Bachelor of Early Childhood Teaching, course code EBEI."
ECT,"Victoria University","Bachelor of Early Childhood Education and Leadership",EBCL,"Any date if enrolled prior to October 2026",National,Australia,"ACECQA assessed and approved this qualification on 1 February 2021."
ECT,"Victoria University","Bachelor of Early Childhood Education",EBEC,"Any date if enrolled prior to July 2031",National,Australia,"ACECQA reassessed and reapproved this qualification on 29 July 2026."
ECT,"Victoria University","Bachelor of Early Childhood Education and Leadership",EBCL,"Any date if enrolled prior to July 2031",National,Australia,"ACECQA reassessed and reapproved this qualification on 29 July 2026."
Diploma,"Victoria University of Wellington","Diploma of Teaching (Early Childhood Education)",,"Any date before 1 January 2012",Queensland,"New Zealand","This qualification was previously assessed by the Queensland Government as being the equivalent to a Diploma qualification. Individuals seeking to work outside Queensland (or graduated after 1 January 2012) may still be eligible for recognition as a qualified educator if they apply to ACECQA for an assessment of equivalence."
Diploma,"Victoria University of Wellington","Bachelor of Education (Teaching) Early Childhood",,"Any date before 1 January 2012",Queensland,"New Zealand","This qualification was previously assessed by the Queensland Government as being the equivalent to a Diploma qualification. Individuals seeking to work outside Queensland (or graduated after 1 January 2012) may still be eligible for recognition as a qualified educator if they apply to ACECQA for an assessment of equivalence."
Diploma,"WA Education Department & Technical Education Division (various colleges)","Diploma of Children's Services (0 - 5 Years)",,"Any date before 1 January 2017",National,Australia,
Diploma,"WA Education Department & Technical Education Division (various colleges)","Child Care Certificate",,"Any date before 1 January 2017",National,Australia,"Also known as 'Certificate in Childcare'"
Diploma,"WA Registered Training Organisations","Diploma of Children's Services (0 - 5 years)",,"Any date before 1 January 2017",National,Australia,
Diploma,"Waiariki Institute of Technology","Diploma of Teaching (Early Childhood Education)",,"Any date before 1 January 2012",Queensland,"New Zealand","This qualification was previously assessed by the Queensland Government as being the equivalent to a Diploma qualification. Individuals seeking to work outside Queensland (or graduated after 1 January 2012) may still be eligible for recognition as a qualified educator if they apply to ACECQA for an assessment of equivalence."
"Certificate III","Waiariki Institute of Technology","Foundation Certificate in Early Childhood Care and Education",WR2713,"Any date before 1 January 2012",Queensland,"New Zealand","This qualification was previously assessed by the Queensland Government as being the equivalent to a Certificate III qualification. Individuals seeking to work outside Queensland (or graduated after 1 January 2012) may still be eligible for recognition as a qualified educator if they apply to ACECQA for an assessment of equivalence."
"Certificate III","Waikato Institute of Technology","Certificate in Early Childhood Education",WK2383,"Any date before 1 January 2012",Queensland,"New Zealand","This qualification was previously assessed by the Queensland Government as being the equivalent to a Certificate III qualification. Individuals seeking to work outside Queensland (or graduated after 1 January 2012) may still be eligible for recognition as a qualified educator if they apply to ACECQA for an assessment of equivalence."
Diploma,"Waikato Institute of Technology","Diploma of Teaching (Early Childhood)",,"Any date before 1 January 2012",Queensland,"New Zealand","This qualification was previously assessed by the Queensland Government as being the equivalent to a Diploma qualification. Individuals seeking to work outside Queensland (or graduated after 1 January 2012) may still be eligible for recognition as a qualified educator if they apply to ACECQA for an assessment of equivalence."
Diploma,"Wellington College of Education","Diploma of Teaching (Early Childhood Education)",,"Any date before 1 January 2012",Queensland,"New Zealand","This qualification was previously assessed by the Queensland Government as being the equivalent to a Diploma qualification. Individuals seeking to work outside Queensland (or graduated after 1 January 2012) may still be eligible for recognition as a qualified educator if they apply to ACECQA for an assessment of equivalence."
Diploma,"Wellington College of Education","Diploma of Teaching (Early Childhood)",,"Any date before 1 January 2012",Queensland,"New Zealand","This qualification was previously assessed by the Queensland Government as being the equivalent to a Diploma qualification. Individuals seeking to work outside Queensland (or graduated after 1 January 2012) may still be eligible for recognition as a qualified educator if they apply to ACECQA for an assessment of equivalence."
Diploma,"Wellington College of Education","Higher Diploma of Teaching (Early Childhood Stream)",,"Any date before 1 January 2012",Queensland,"New Zealand","This qualification was previously assessed by the Queensland Government as being the equivalent to a Diploma qualification. Individuals seeking to work outside Queensland (or graduated after 1 January 2012) may still be eligible for recognition as a qualified educator if they apply to ACECQA for an assessment of equivalence."
"Certificate III","Wellington Nannies College","Wellington Nannies College Certificate",PC1602,"Any date before 1 January 2012",Queensland,"New Zealand","This qualification was previously assessed by the Queensland Government as being the equivalent to a Certificate III qualification. Individuals seeking to work outside Queensland (or graduated after 1 January 2012) may still be eligible for recognition as a qualified educator if they apply to ACECQA for an assessment of equivalence."
"Certificate III","Wellington Nannies College","Wellington Nannies College Certificate in Early Childhood Education",PC9083,"Any date before 1 January 2012",Queensland,"New Zealand","This qualification may also be awarded by New Zealand Career College Ltd (acquired Wellington Nannies College). This qualification was previously assessed by the Queensland Government as being the equivalent to a Cerficate III qualification. Individuals seeking to work outside Queensland (or graduated after 1 January 2012) may still be eligible for recognition as a qualified educator if they apply to ACECQA for an assessment of equivalence."
Diploma,"West Coast Institute of Training","Associate Degree of Education (Early Childhood)",ADEC10,"Any date before May 2019",National,Australia,"ACECQA assessed and approved this qualification on 7 April 2014"
Diploma,"West Coast Institute of Training","Diploma of the Kindergarten Teacher's College",,"Any date before 1 January 2017",National,Australia,
ECT,"Western Australian College of Advanced Education","Bachelor of Arts (Early Childhood Education)",,"Any date if enrolled prior to 1 January 2012",National,Australia,
ECT,"Western Australian College of Advanced Education","Bachelor of Education (Early Childhood)",,"Any date if enrolled prior to 1 January 2012",National,Australia,
ECT,"Western Australian College of Advanced Education","Diploma of Teaching (Early Childhood Education)",,"Any date if enrolled prior to 1 January 2012",National,Australia,
ECT,"Western Australian College of Advanced Education","Diploma of Teaching (Early Childhood)",,"Any date if enrolled prior to 1 January 2012",National,Australia,
ECT,"Western Australian College of Advanced Education","Diploma of Teaching Primary K-7",,"Any date if enrolled prior to 1 January 2012",National,Australia,
ECT,"Western Australian Institute of Technology","Bachelor of Arts (Early Childhood Education)",,"Any date if enrolled prior to 1 January 2012",National,Australia,"The Western Australian Institute of Technology (WAIT) became Curtin University in 1987."
ECT,"Western Australian Institute of Technology","Bachelor of Education (Early Childhood)",,"Any date if enrolled prior to 1 January 2012",National,Australia,"The Western Australian Institute of Technology (WAIT) became Curtin University in 1987."
ECT,"Western Australian Institute of Technology","Diploma of Teaching (Early Childhood)",,"Any date if enrolled prior to 1 January 2012",National,Australia,"The Western Australian Institute of Technology (WAIT) became Curtin University in 1987."
Diploma,"Western Australian Institute of Technology","Diploma of the Kindergarten Teacher's College",,"Any date before 1 January 2012",National,Australia,"The Western Australian Institute of Technology (WAIT) became Curtin University in 1987."
Diploma,"Western Institute of Technology","Diploma of Teaching (Early Childhood Education)",,"Any date before 1 January 2012",Queensland,"New Zealand","This qualification was previously assessed by the Queensland Government as being the equivalent to a Diploma qualification. Individuals seeking to work outside Queensland (or graduated after 1 January 2012) may still be eligible for recognition as a qualified educator if they apply to ACECQA for an assessment of equivalence. It is now offered through the University of Canterbury, formerly Auckland College of Education."
ECT,"Western Sydney University","Bachelor of Early Childhood Studies (Child and Family) only in combination with the Master of Teaching (Early Childhood)",,"Any date if enrolled prior to 1 January 2012",National,Australia,"Western Sydney University was formerly known by a different name: The University of Western Sydney."
ECT,"Western Sydney University","Bachelor of Education (Birth - 5 Years)",1670,"Any date if enrolled prior to 1 January 2017",National,Australia,"Western Sydney University was formerly known by a different name: The University of Western Sydney."
ECT,"Western Sydney University","Bachelor of Education (Early Childhood)",,"Any date if enrolled prior to 1 January 2012",National,Australia,"Western Sydney University was formerly known by a different name: The University of Western Sydney."
ECT,"Western Sydney University","Bachelor of Teaching (Early Childhood)",,"Any date if enrolled prior to 1 January 2012",National,Australia,"Western Sydney University was formerly known by a different name: The University of Western Sydney."
ECT,"Western Sydney University","Bachelor of Teaching with major studies in Early Childhood Education",,"Any date if enrolled prior to 1 January 2012",National,Australia,"Western Sydney University was formerly known by a different name: The University of Western Sydney."
ECT,"Western Sydney University","Diploma of Teaching (Early Childhood Education)",,"Any date if enrolled prior to 1 January 2012",National,Australia,"Western Sydney University was formerly known by a different name: The University of Western Sydney."
ECT,"Western Sydney University","Diploma of Teaching (Early Childhood)",,"Any date if enrolled prior to 1 January 2012",National,Australia,"Western Sydney University was formerly known by a different name: The University of Western Sydney."
ECT,"Western Sydney University","Graduate Diploma in Early Childhood Education",,"Any date if enrolled prior to 1 January 2012",National,Australia,"Western Sydney University was formerly known by a different name: The University of Western Sydney."
ECT,"Western Sydney University","Graduate Diploma in Education (Early Childhood)",,"Any date if enrolled prior to 1 January 2012",National,Australia,"Western Sydney University was formerly known by a different name: The University of Western Sydney."
ECT,"Western Sydney University","Graduate Diploma of Education Early Childhood",,"Any date if enrolled prior to 1 January 2012",National,Australia,"Western Sydney University was formerly known by a different name: The University of Western Sydney."
ECT,"Western Sydney University","Master of Teaching",,"Any date if enrolled prior to 1 January 2012",National,Australia,"Western Sydney University was formerly known by a different name: The University of Western Sydney."
ECT,"Western Sydney University","Master of Teaching (Birth - 5 Years)",,"Any date if enrolled prior to 1 January 2012",National,Australia,"Western Sydney University was formerly known by a different name: The University of Western Sydney."
ECT,"Western Sydney University","Master of Teaching Birth-12 (course 1672)",,"Any date if enrolled prior to 1 January 2012",National,Australia,"Western Sydney University was formerly known by a different name: The University of Western Sydney."
ECT,"Western Sydney University","Master of Teaching (Birth - 5 Years)","1784 / 1691 / 1672","Any date if enrolled prior to June 2019",National,Australia,"ACECQA reassessed and reapproved this program on 26 June 2014. 

Western Sydney University was formerly known by a different name: The University of Western Sydney."
ECT,"Western Sydney University","Master of Teaching (Birth - 12 Years)","1783 / 1673 / 1691","Any date if enrolled prior to June 2019",National,Australia,"ACECQA assessed and approved this qualification on 26 June 2014.Western Sydney University was formerly known by a different name: The University of Western Sydney."
ECT,"Western Sydney University","Master of Teaching (Birth-5 Years/Birth-12 Years)","1783 / 1784","Any date if enrolled prior to November 2025",National,Australia,"ACECQA assessed and approved this qualification on 2 December 2019. The qualification parchment will show either the Birth-5 Years or Birth-12 Years specialisation."
ECT,"Western Sydney University","Bachelor of Education (Early Childhood)",1926,"Any date if enrolled prior to February 2028",National,Australia,"ACECQA assessed and approved this qualification on 5 January 2023."
ECT,"Western Sydney University","Master of Teaching (Early Childhood and Primary)",1773,"Any date if enrolled prior to March 2031",National,Australia,"ACECQA reassessed and reapproved this qualification on 20 March 2026."
ECT,"Western Sydney University","Master of Teaching (Early Childhood)",1774,"Any date if enrolled prior to March 2031",National,Australia,"ACECQA reassessed and reapproved this qualification on 20 March 2026."
ECT,"William Balmain College of Advanced Education","Diploma of Teaching (with major specialisation in Early Childhood Education)",,"Any date if enrolled prior to 1 January 2012",National,Australia,
Diploma,"Wyzsza Szkola Pedagogiczna IM. Powstancow Slaskich W Opolu","Masters Degree in Education (Early Childhood Education)",,"Any date before 1 January 2012",Queensland,Poland,"This qualification was previously assessed by the Queensland Government as being the equivalent to a Diploma qualification. Individuals seeking to work outside Queensland (or graduated after 1 January 2012) may still be eligible for recognition as a qualified educator if they apply to ACECQA for an assessment of equivalence."
Diploma,"Yokohama Women's College","Certificate of Graduation - Early Childhood Education and Care",,"Any date before 1 January 2012",Queensland,Japan,"This qualification was previously assessed by the Queensland Government as being the equivalent to a Diploma qualification. Individuals seeking to work outside Queensland (or graduated after 1 January 2012) may still be eligible for recognition as a qualified educator if they apply to ACECQA for an assessment of equivalence."